Agent,Prior,Target,Score,SMILES,SMILES_state,Druglike,Druglike (raw),Diversity,Diversity (raw),step
32.3656,32.3656,927.6406,7.5000485,COc1cc(O)c2c(CCCCC(=O)N3CCOCC3)cc(=O)oc2c1,1,6.1764603,6.1765,9.1072760,9.1073,1
27.8099,27.8099,-27.8099,0.0000000,c12c3cccc1c(NCCCCC)cc2[nH]nc3,0,0.0000000,0.0000,0.0000000,0.0000,1
21.9099,21.9099,946.2839,7.5640141,CC1(C)OC(C=Cc2ccc(Cl)cc2)=CC(=O)C1=O,1,6.2822638,6.2823,9.1072760,9.1073,1
21.6220,21.6220,983.2754,7.8507613,Oc1ccc(-c2ccccc2)c2cccnc12,1,6.7676058,6.7676,9.1072760,9.1073,1
24.2406,24.2406,936.3610,7.5046998,c1ccc(CNC2(C3CCCCC3)CCCC2)nc1,1,6.1841235,6.1841,9.1072760,9.1073,1
28.3133,28.3133,775.0479,6.2762592,O=C(NCc1cccs1)C(c1ccco1)N(C(=O)c1ccco1)c1ccccc1,1,4.3252702,4.3253,9.1072760,9.1073,1
23.0341,23.0341,-22.9954,0.0003018,Clc1ccc(C2(c3nnc(-c4nn(-c5ccc(Cl)cc5Cl)cc4Cn4cncn4)s3)CC2)cc1,1,-16.6711407,-16.6711,9.1072760,9.1073,1
41.6155,41.6155,-41.5768,0.0003018,CCN(CC)c1cccc(COC2CCN(CCN(CCC(c3ccccc3)c3ccccc3)C(=O)Nc3ccc(F)c(Cl)c3)C2)c1,1,-8.4347897,-8.4348,9.1072760,9.1073,1
27.2082,27.2082,924.1403,7.4324097,CC(=O)N1CC(OC(=O)c2cccnc2C)C1,1,6.0655584,6.0656,9.1072760,9.1073,1
49.7351,49.7351,654.8285,5.5044031,CC(=O)OCC12OCC3(O)CC1C3C1(C)C(OC(C)=O)C(O)C(=O)C1C2C,1,3.3268404,3.3268,9.1072760,9.1073,1
32.2701,32.2701,650.8230,5.3366653,CCNC(=S)N(C)CCCNC(=O)c1c(C)c(-n2cccc2)n(C)c1C,1,3.1271696,3.1272,9.1072760,9.1073,1
35.0135,35.0135,-34.9748,0.0003018,Cc1nonc1CN(C)C(=O)CC1CCc2ccccc2N1S(=O)(=O)c1ccc(Cl)c(Cl)c1,1,-2.4278412,-2.4278,9.1072760,9.1073,1
29.2996,29.2996,815.4569,6.5996605,N#Cc1nc(NC2CCCC2)cc(=NCc2ccc(-c3ccccc3)cc2)[nH]1,1,4.7824969,4.7825,9.1072760,9.1073,1
30.9747,30.9747,-30.9360,0.0003018,CCCCCCCCCCCCCCNC(=O)CCNC(=O)CCCCCCCCCCS,1,-0.2887038,-0.2887,9.1072760,9.1073,1
40.0480,40.0480,709.9753,5.8595565,Cc1ccc(-c2cc(=NC(=O)Cc3ccccc3Br)n(-c3ccncc3)[nH]2)c(=N)[nH]1,1,3.7699969,3.7700,9.1072760,9.1073,1
27.7818,27.7818,465.0211,3.8500227,CCc1ccccc1NC(=O)CCN1C(=O)C(=Cc2ccccc2[N+](=O)[O-])SC1=S,1,1.6275641,1.6276,9.1072760,9.1073,1
33.9678,33.9678,-33.9291,0.0003018,O=C(Nc1ccc(S(=O)(=O)N2CCOCC2)cc1)c1cccc(C2CCCN2C(=O)c2cccc(F)c2)c1,1,-20.8309193,-20.8309,9.1072760,9.1073,1
28.9827,28.9827,906.0123,7.3046482,O=C([O-])CCCN1CC(=O)N(Cc2ccccc2)C(Cc2ccccc2)C1=O,1,5.8588195,5.8588,9.1072760,9.1073,1
22.3907,22.3907,-22.3521,0.0003018,O=C(Nc1ccc(Cl)c(C(=O)Nc2cccnc2)c1)c1ccc(C(F)(F)F)cc1,1,-13.9237823,-13.9238,9.1072760,9.1073,1
41.5873,41.5873,-41.5487,0.0003018,CCCCN1CCC23CCCN(S(=O)(=O)c4ccccc4C(=O)O)C4C1Cc1ccc(O)c(c1C42)O3,1,0.0000000,0.0000,9.1072760,9.1073,1
23.5166,23.5166,813.1037,6.5360963,CC1CCN(CCCCOc2cc3oc(=O)ccc3cc2Cl)CC1,1,4.6908159,4.6908,9.1072760,9.1073,1
31.4086,31.4086,-31.3699,0.0003018,CCCC(=O)Nc1ccc2c(c1)OC(CN(C)S(=O)(=O)c1ccc(C)cc1)C(C)CN(C(C)CO)C2=O,1,0.0000000,0.0000,9.1072760,9.1073,1
26.9381,26.9381,-26.8994,0.0003018,O=C1OC(Cn2ncnn2)C2COc3cc(-c4cnc5ncnn5c4)ccc3N12,1,-3.3127465,-3.3127,9.1072760,9.1073,1
32.3644,32.3644,231.7102,2.0630828,Cc1c(CC(=O)NCC(=O)O)nn(C)c1-c1ccc(C2CCOCC2)cc1,1,0.4673528,0.4674,9.1072760,9.1073,1
20.9807,20.9807,757.4510,6.0814979,CCCCCCCCCCn1cc[n+](CC)c1C=NO,1,4.0609965,4.0610,9.1072760,9.1073,1
31.2243,31.2243,-31.1856,0.0003018,Cc1cccc(C)c1OCC(=O)NC(Cc1ccccc1)CC(O)C(Cc1ccccc1)NC(=O)c1cccc(-c2cccs2)c1,1,-7.1100893,-7.1101,9.1072760,9.1073,1
32.6307,32.6307,897.5681,7.2671777,COCCn1c(=O)n(-c2ccc(OC)cc2)c2nc(C(=O)O)ccc21,1,5.7988658,5.7989,9.1072760,9.1073,1
30.5699,30.5699,792.4369,6.4297403,CC(C)C(N=c1[nH]cnc2sc(-c3ccc(F)c(F)c3)cc12)C(=O)O,1,4.5393991,4.5394,9.1072760,9.1073,1
23.8164,23.8164,896.4944,7.1899284,Cn1c(SCC(=O)Nc2cc(Cl)ccc2O)nnc1-c1ccncc1,1,5.6762385,5.6762,9.1072760,9.1073,1
24.2954,24.2954,697.2642,5.6371841,CC(C)Oc1ccc(-c2csc(=NC(=O)C(=O)O)[nH]2)cc1C#N,1,3.4892809,3.4893,9.1072760,9.1073,1
28.9195,28.9195,-28.8809,0.0003018,N#Cc1cccc(-c2nc(-c3ccc4c(c3)CC3CCC4N3C(=O)OCc3ccccc3)no2)c1,1,-19.6703911,-19.6704,9.1072760,9.1073,1
31.3049,31.3049,823.4979,6.6781463,CN(c1ccccc1)C(C(=O)NC(C)(C)C)c1csc2ccc(Cl)cc12,1,4.8969240,4.8969,9.1072760,9.1073,1
34.0286,34.0286,842.8982,6.8509905,CCn1ncc2ccc(-c3c[nH]c(CCc4nc5c(C)cccn5n4)n3)cc21,1,5.1536894,5.1537,9.1072760,9.1073,1
21.1672,21.1672,986.0780,7.8691035,O=C(NN=Cc1cccc([N+](=O)[O-])c1)c1ccccn1,1,6.7992659,6.7993,9.1072760,9.1073,1
32.3433,32.3433,177.0547,1.6359221,COCCN1CCC2(CC1)CCN(C(=O)NCc1cccnc1C)C2,1,0.2938575,0.2939,9.1072760,9.1073,1
20.8644,20.8644,-20.8258,0.0003018,Cc1ccccc1C1CN(C)CCc2cc(Cl)c(O)cc21,1,0.0000000,0.0000,9.1072760,9.1073,1
25.8748,25.8748,-25.8361,0.0003018,COc1ccc(C(=O)NCC2(N3CCN(C(=O)C4CN(C5CCOCC5)CC4c4ccc(Cl)cc4)CC3)CCCCC2)cc1,1,-15.3579988,-15.3580,9.1072760,9.1073,1
43.4738,43.4738,-43.4352,0.0003018,C=C(C)C1CCC2(C(=O)O)C3=CCC4C(C)(CCC5C(C)(C)c6nc7ccc(OC(F)(F)F)cc7cc6CC45C)C3=CCC12C,1,0.0000000,0.0000,9.1072760,9.1073,1
25.0046,25.0046,977.2396,7.8300324,Cc1nnn2c1CN(C(=O)c1cccc(Cl)c1)c1ccccc1-2,1,6.7319150,6.7319,9.1072760,9.1073,1
27.1827,27.1827,943.4294,7.5829074,CCN(CC)C(=O)c1c(-c2ccc(OC)c(OC)c2)c(O)c(O)n1C,1,6.3136864,6.3137,9.1072760,9.1073,1
53.7983,53.7983,705.6633,5.9332945,O=[N+]([O-])c1cc(N2CCN(Cc3ccco3)C2C2CC3CC4CC(C3)C2C4)[nH]c1Cl,1,3.8654790,3.8655,9.1072760,9.1073,1
40.1671,40.1671,449.1284,3.8226209,CCC(CC)(NC(=O)C=Cc1ccccc1)C(=O)NCCCCc1ccc(C(C)C)nc1,1,1.6044787,1.6045,9.1072760,9.1073,1
32.5945,32.5945,858.7861,6.9639113,CCC(C)(C)NC(=O)CN(Cc1cccs1)C(=O)c1c(C)cnc(C(N)=O)c1N,1,5.3249798,5.3250,9.1072760,9.1073,1
56.6028,56.6028,-56.5642,0.0003018,CCCCC(NC(O)C(CCCC)NCC(=O)C(=O)CC(=O)NC(C)C(=O)NC(Cc1ccccc1)C(=O)O)C(=O)NC(C)C(=O)O,1,-6.7640958,-6.7641,9.1072760,9.1073,1
26.7380,26.7380,762.0460,6.1623747,Cc1oc2ccccc2c1COc1ccc2c(C)cc(=O)oc2c1,1,4.1697278,4.1697,9.1072760,9.1073,1
38.1055,38.1055,742.5368,6.0987677,COCC1CCN(Cc2nc(C[S+]([O-])CC(N)=O)co2)C1,1,4.0840936,4.0841,9.1072760,9.1073,1
34.1789,34.1789,934.2163,7.5655882,CC1(C)Oc2ccc(F)cc2C(N2CCOCC2)C1OC(=O)Cc1ccccc1F,1,6.2848787,6.2849,9.1072760,9.1073,1
26.4146,26.4146,-26.3759,0.0003018,Cc1nc(CN2CCN(C(=O)c3oc4cc(C)c(C)cc4c3C)CC2)cs1,1,-4.3270807,-4.3271,9.1072760,9.1073,1
24.6805,24.6805,944.7725,7.5738514,Cc1cc(=NC(=O)C(C)NS(=O)(=O)c2cccs2)[nH]o1,1,6.2986150,6.2986,9.1072760,9.1073,1
32.9470,32.9470,831.9615,6.7570971,CCOCCCS(=O)(=O)NCC1CCC(COC(=O)NC(C)C)CC1,1,5.0133939,5.0134,9.1072760,9.1073,1
32.6602,32.6602,952.3666,7.6955224,O=C(c1c[nH]cn1)c1cc2ccc(O)cc2c2c1CCCC2,1,6.5026102,6.5026,9.1072760,9.1073,1
27.7542,27.7542,802.7909,6.4886338,COC(=O)c1c(Nc2ccc(OC)cc2)c2cc(Br)ccc2n(C)c1=O,1,4.6229377,4.6229,9.1072760,9.1073,1
29.2025,29.2025,917.6763,7.3974903,COc1ccccc1OCCN(CC(=O)O)Cc1c(F)cccc1Cl,1,6.0086970,6.0087,9.1072760,9.1073,1
26.9095,26.9095,975.5181,7.8314651,CCn1ccc2cc(S(=O)(=O)NCc3ccncc3F)ccc21,1,6.7343788,6.7344,9.1072760,9.1073,1
35.8349,35.8349,-35.7962,0.0003018,CCN(c1cc(C(=O)N2CCCC2c2cccc(C(=O)N(C)C)c2)nc(-c2ccc(C)cc2)c1)C1CCOCC1,1,-6.9794316,-6.9794,9.1072760,9.1073,1
28.5476,28.5476,654.6112,5.3371777,COc1cc(-c2nc(=O)c3ccccc3[nH]2)ccc1-c1cnco1,1,3.1277702,3.1278,9.1072760,9.1073,1
47.3634,47.3634,-47.3248,0.0003018,CC(=NC(C)C)n1c(C(=O)NC2(c3ccc(Cl)cc3)CC2)cc2cc(Cl)cc(Cl)c21,1,-3.4494367,-3.4494,9.1072760,9.1073,1
18.4767,18.4767,832.2726,6.6464792,CN1CCN(NC(=O)c2ccncc2)CC1,1,4.8505926,4.8506,9.1072760,9.1073,1
25.3169,25.3169,1032.0842,8.2609460,Cc1ccccc1N1CCN(Cc2nc[nH]c2C)CC1=O,1,7.4932647,7.4933,9.1072760,9.1073,1
24.1147,24.1147,855.1740,6.8694435,O=C(CCSCc1ccccc1Cl)N1CCc2ccccc21,1,5.1814895,5.1815,9.1072760,9.1073,1
39.0409,39.0409,-39.0023,0.0003018,Cc1cc(C)n(-c2nc(C)c(C(C)C)cc2CN2CCC3(CC2)CN(c2ccc(C(=O)O)cc2)C(=O)O3)n1,1,-12.5987921,-12.5988,9.1072760,9.1073,1
21.7640,21.7640,780.4431,6.2672428,COc1cccc(CNC(=NO)c2ccc(C)nc2Oc2cccc(C)c2)c1,1,4.3128519,4.3129,9.1072760,9.1073,1
19.2192,19.2192,871.5900,6.9594464,CCCCNC(=O)C(C)c1ccc(CC(C)C)cc1,1,5.3181539,5.3182,9.1072760,9.1073,1
33.7605,33.7605,943.4358,7.6343458,COc1cccc2c1C1C=C(c3ccccc3O)N(C)NN1CC2,1,6.3996344,6.3996,9.1072760,9.1073,1
20.6376,20.6376,938.3011,7.4917083,CCN1c2ncc(C=CC#N)cc2C(=O)N(C)c2cccnc21,1,6.1627312,6.1627,9.1072760,9.1073,1
21.9720,21.9720,903.7862,7.2324860,OC1CC(Cc2ccccc2)C(O)C1O,1,5.7436333,5.7436,9.1072760,9.1073,1
37.3195,37.3195,-37.2809,0.0003018,O=C(Nc1ccc(Cl)cc1)Nc1ccc(-c2cc(N3CCC(F)C3)nc(N3CCC4(CC3)CNC(C(=O)O)C4)n2)cc1F,1,0.0000000,0.0000,9.1072760,9.1073,1
23.3979,23.3979,706.8563,5.7051116,Cc1c(Cc2c[nH]c3ccccc23)[nH]c(SCc2ccc([N+](=O)[O-])cc2)nc1=O,1,3.5738785,3.5739,9.1072760,9.1073,1
25.7940,25.7940,-25.7554,0.0003018,COc1ccc(-c2c(C(C)=O)c(C)n(C3OCC(OC(C)=O)C(OC(C)=O)C3OC(C)=O)c(=S)c2C#N)cc1,1,-8.9774666,-8.9775,9.1072760,9.1073,1
18.4328,18.4328,950.5192,7.5699373,COc1cc(C=Nn2c(C)nnc2C)cc(OC)c1OC,1,6.2921066,6.2921,9.1072760,9.1073,1
22.5117,22.5117,871.7453,6.9863829,Nc1ccccc1C(=O)CC1CCN(Cc2ccccc2)CC1,1,5.3594012,5.3594,9.1072760,9.1073,1
40.2289,40.2289,-40.1903,0.0003018,O=C(CNC1CCN(c2ccc(NC(=O)c3ccc4ccccc4n3)cc2)CC1)c1ccc2[nH]c(O)cc2c1,1,-27.9793205,-27.9793,9.1072760,9.1073,1
28.5290,28.5290,986.6470,7.9310620,COCc1cncc(S(=O)(=O)N2CCCCC2)c1Cl,1,6.9067574,6.9068,9.1072760,9.1073,1
24.9453,24.9453,-24.9067,0.0003018,COc1ccc2c(c1OC)-c1ccc(Cl)c(=O)cc1C(NC(C)=O)CC2,1,0.0000000,0.0000,9.1072760,9.1073,1
31.5320,31.5320,-31.4934,0.0003018,CC(=O)N=c1cc(-c2ccc(N3CCN(C)CC3)nc2)n(C(C)C)[nH]1,1,-0.3151284,-0.3151,9.1072760,9.1073,1
28.3161,28.3161,713.9398,5.7988747,CC(=O)NN=c1nc(CSc2nc(=N)[nH][nH]2)[nH][nH]1,1,3.6923168,3.6923,9.1072760,9.1073,1
24.8530,24.8530,-24.8144,0.0003018,N#Cc1c[nH]c(=Nc2ccc(C(=O)N3CCC(N4CCCC4)CC3)cc2)nc1-c1ccc(F)cc1,1,-11.9435501,-11.9436,9.1072760,9.1073,1
29.4124,29.4124,595.7197,4.8838441,CCOc1ccc(-n2c(O)c3c(c2O)C2CCC2C=C3)cc1C(=O)O,1,2.6189976,2.6190,9.1072760,9.1073,1
29.7206,29.7206,923.1684,7.4444454,CCNC(=O)N=c1[nH]cnc2cc(-c3cnccc3OC)sc12,1,6.0852189,6.0852,9.1072760,9.1073,1
26.4229,26.4229,877.4254,7.0613147,O=C(CCN1CCN(c2ccccc2)CC1)NCCc1cnccn1,1,5.4749813,5.4750,9.1072760,9.1073,1
30.6703,30.6703,860.3680,6.9612371,CC(C)C(CNC(=NC(C)(C)C)NC#N)C(=O)O,1,5.3208909,5.3209,9.1072760,9.1073,1
25.7425,25.7425,477.7865,3.9338203,CCOC(=O)C1CCN(C(=O)CC2(c3ccc(F)cc3)C3CC4CC(C3)CC2C4)CC1,1,1.6991845,1.6992,9.1072760,9.1073,1
25.3997,25.3997,842.2784,6.7787354,CN(C)c1ccc(C=Cc2nc3ccc(Cl)cc3c(=O)o2)cc1,1,5.0455542,5.0456,9.1072760,9.1073,1
25.8490,25.8490,-25.8104,0.0003018,COc1ccc(CNC(=O)CC2CC(C(=O)N3CCOCC3)C3(C)c4[nH]c5ccc(Cl)cc5c4CCN3C2=O)cc1OC,1,-19.0941162,-19.0941,9.1072760,9.1073,1
34.4366,34.4366,908.2107,7.3644325,N=C(N)c1cccc(CCc2cc3cccc(OCC(=O)O)c3o2)c1,1,5.9551139,5.9551,9.1072760,9.1073,1
22.4640,22.4640,805.5710,6.4690239,Cc1ccc(S(=O)(=O)c2nnn3c2[nH]c(=NCC2CCCO2)c2sccc23)cc1,1,4.5950370,4.5950,9.1072760,9.1073,1
24.0069,24.0069,-23.9683,0.0003018,COc1ccc(-n2ncc3c2CC(C)(C)CC3NC(=O)Cc2ccc(F)cc2)cc1,1,-7.7460122,-7.7460,9.1072760,9.1073,1
27.4610,27.4610,88.4542,0.9055881,CC(C)N1Cc2cc(-c3nc4cc(N)ccc4[nH]3)ccc2C1=O,1,0.0900478,0.0900,9.1072760,9.1073,1
37.5870,37.5870,702.0380,5.7783201,Cc1nc(C2CCN(c3cccc(C=C(C#N)C(N)=S)c3)C2)no1,1,3.6661878,3.6662,9.1072760,9.1073,1
38.5595,38.5595,-38.5209,0.0003018,N=C(N)Nc1ccc(CC(=O)NCC(C2CCN(C(=O)C=Cc3cc(F)c(F)c(F)c3)CC2)N2CCC(c3c[nH]c4ccc(F)cc34)CC2)cc1,1,-14.0395193,-14.0395,9.1072760,9.1073,1
15.4015,15.4015,1002.3026,7.9508132,Oc1ccc(O)n1-c1ccccc1,1,6.9412007,6.9412,9.1072760,9.1073,1
24.7233,24.7233,697.8531,5.6451279,Nc1ccc(S(=O)(=O)NCC(=O)NCCc2ccc(S(N)(=O)=O)cc2)cc1,1,3.4991219,3.4991,9.1072760,9.1073,1
38.8893,38.8893,-38.8507,0.0003018,COC(=O)C1CN(C(=O)Cn2cc(NC(=O)c3cnn4cccnc34)c(-c3cc(Cl)ccc3OC(F)F)n2)CC1(O)c1cccc(C(F)(F)F)c1,1,-22.1115341,-22.1115,9.1072760,9.1073,1
38.2514,38.2514,-38.2128,0.0003018,Cc1nc(-c2ccc3c(c2)CCC(=O)N3C)n2nc(C)c(-c3ccccn3)c2n1,1,-9.1007891,-9.1008,9.1072760,9.1073,1
27.1347,27.1347,968.5701,7.7789436,Cc1[nH]c(=S)[nH]c(=O)c1CCC(=O)c1ccc(N)cc1,1,6.6443539,6.6444,9.1072760,9.1073,1
25.4905,25.4905,957.2236,7.6774542,Cc1nc(=O)c2[nH]c(C(=O)c3ccccc3)cc2[nH]1,1,6.4721112,6.4721,9.1072760,9.1073,1
26.0707,26.0707,738.7969,5.9755278,Cc1cccc(CN2CCN(Cc3ccc4c(c3)OCCO4)C(CCO)C2)c1,1,3.9207039,3.9207,9.1072760,9.1073,1
34.2344,34.2344,-34.1958,0.0003018,Cc1ccc(C(=O)c2c(N)sc(-c3ccccc3)c2C=C(C#N)c2nc3ccccc3s2)cc1,1,-0.8430499,-0.8430,9.1072760,9.1073,1
45.3365,45.3365,-45.2979,0.0003018,NNC(=O)COc1c[nH]c(=Nc2cc(F)cc(F)c2)n2cc(N3CCOCC3)nc12,1,-0.4295816,-0.4296,9.1072760,9.1073,1
26.6165,26.6165,958.4086,7.6955078,O=C(O)CN1C(=O)C2(CCC(=O)O2)c2cc(Cl)ccc21,1,6.5025854,6.5026,9.1072760,9.1073,1
29.4880,29.5062,823.7877,6.6663589,NNC(N)c1ccc2oc(-c3ccccc3F)cc2c1,1,4.8643818,4.8644,9.1358652,9.1359,2
22.6822,22.6260,730.7777,5.8859663,COc1ccc(-c2nc(CN3CCN(c4ccc(F)cc4F)CC3)co2)cc1,1,3.7921531,3.7922,9.1358652,9.1359,2
40.6459,40.6450,761.0768,6.2634516,Cc1ccc(CC2C(=O)C(=O)c3c(oc4ccc(C(=O)O)cc4c3=O)C2=O)cc1C,1,4.2941556,4.2942,9.1358652,9.1359,2
28.0412,28.1641,867.8771,7.0003219,CC(C)n1cc(N)c2c[nH]c(=NC(=O)NC(CO)c3ccccc3)cc21,1,5.3639698,5.3640,9.1358652,9.1359,2
33.5820,33.6164,560.6311,4.6425586,COc1ccccc1CNc1cnc2[nH]c(=O)c(-c3cccnc3)c(O)c2c1,1,2.3592017,2.3592,9.1358652,9.1359,2
20.7858,20.8606,988.5835,7.8862820,Cc1ccc(Cl)c(OCCN2CCOCC2)c1,1,6.8076129,6.8076,9.1358652,9.1359,2
32.0824,32.1148,-32.0762,0.0003023,COc1ccc2c(c1)C(=O)N(CC1(C#Cc3ccc(-c4cc5ccccc5cc4O)s3)NC(=O)NC1=O)C2,1,-20.6864491,-20.6864,9.1358652,9.1359,2
19.2416,19.2115,975.6415,7.7722888,Oc1ccc(C2COc3c(ccc(O)c3O)C2)cc1,1,6.6122336,6.6122,9.1358652,9.1359,2
41.8015,41.7945,462.8799,3.9427683,COC(=O)C1CC2=C(C=C(C)c3ccccc3)C(OC)(CC2)N1S(=O)(=O)c1ccc([N+](=O)[O-])cc1,1,1.7015817,1.7016,9.1358652,9.1359,2
24.5186,24.4883,615.5954,5.0006537,Cc1cc(C)cc(C(=O)N(NC(=O)c2ccc(Br)cc2Br)C(C)(C)C)c1,1,2.7371833,2.7372,9.1358652,9.1359,2
32.4672,32.5130,905.0992,7.3250952,CCC(N)C(c1ccccc1)c1cc(C)cc(Br)c1,1,5.8732276,5.8732,9.1358652,9.1359,2
21.1039,21.1388,992.4212,7.9184380,COc1ccc(CN=c2[nH]cnc3[nH]ccc23)cc1Cl,1,6.8632421,6.8632,9.1358652,9.1359,2
35.4540,35.4203,-35.3816,0.0003023,CCCN1CCc2cc(OC)c3c4cc(OC)c(OC)cc4c(=O)n(CC(=O)N4CCCC4)c3c2C1,1,-7.7019815,-7.7020,9.1358652,9.1359,2
30.7057,30.7172,-30.6786,0.0003023,CC1(S(=O)(=O)c2c(Cl)ccc(NC(=O)Nc3ccc(Cl)cc3C(=O)O)c2O)CCOCC1,1,-5.4938107,-5.4938,9.1358652,9.1359,2
30.9371,30.9211,909.3032,7.3455019,Cc1cc(CCC(=O)N=c2cc[nH]n2C2CCN(C(=O)C3CCCO3)CC2)ccn1,1,5.9059978,5.9060,9.1358652,9.1359,2
18.3815,18.3316,789.2552,6.3092718,Clc1ccc2nc(-c3ccccc3)c(Cc3ccccc3)n2c1,1,4.3572125,4.3572,9.1358652,9.1359,2
36.6473,36.6830,-36.6443,0.0003023,NS(=O)(=O)CCC1CCN(Cc2ccc(-c3nc4[nH]ncc4cc3-c3ccccc3)cc2)C1,1,-5.2239618,-5.2240,9.1358652,9.1359,2
27.2201,27.2572,1017.6019,8.1629620,CNC(=O)Oc1ccc(C2CCNCC2)cc1F,1,7.2936659,7.2937,9.1358652,9.1359,2
25.1238,25.0933,598.7064,4.8734350,CC(=O)Nc1ccc(C=NNC(=S)Nc2ccc(C(C)C)cc2)cc1,1,2.5996850,2.5997,9.1358652,9.1359,2
30.6124,30.6978,820.3311,6.6486630,CCC(=O)N=c1ccn2[nH]nnc2c1,1,4.8385911,4.8386,9.1358652,9.1359,2
23.7626,23.7752,986.2773,7.8910351,O=C1NCCc2cc(-c3ccccc3)[nH]c(=O)c21,1,6.8158221,6.8158,9.1358652,9.1359,2
26.6192,26.5878,-26.5491,0.0003023,COc1ccc2oc(=O)c(-c3nc(-c4cccc([N+](=O)[O-])c4)no3)cc2c1,1,-7.2063437,-7.2063,9.1358652,9.1359,2
29.2875,29.1918,666.3967,5.4342852,COc1ccccc1C=CC=NNC(=O)c1ccccc1Sc1ccccc1C#N,1,3.2324746,3.2325,9.1358652,9.1359,2
25.7373,25.6660,791.2653,6.3822756,CCOC(=O)c1sc(NC(=O)CSc2nc(OC)cc(OC)n2)c(C(=O)OCC)c1C,1,4.4586301,4.4586,9.1358652,9.1359,2
34.7998,34.8212,-34.7825,0.0003023,COc1cccc2c(O)c3c(O)c4c(O)c5c(c(O)c4c(O)c3c(O)c12)CC(CN1CCOCC1)CC5=O,1,-11.5099773,-11.5100,9.1358652,9.1359,2
20.4920,20.4930,156.8056,1.3851449,O=C1C(c2ccc(-c3ccccc3)cc2)=[N+]([O-])c2ccccc21,1,0.2100104,0.2100,9.1358652,9.1359,2
29.7306,29.7453,740.6523,6.0187311,CC(C)(C)c1ccccc1NC(=O)C1CCCN1S(=O)(=O)c1cccc2cnccc12,1,3.9651556,3.9652,9.1358652,9.1359,2
42.1475,42.1947,-42.1560,0.0003023,COc1ccc(NS(=O)(=O)c2ccc(OC(C)C)cc2)c(C(=O)c2cnn(CCN3CCCC3)c2C)n1,1,-0.5552659,-0.5553,9.1358652,9.1359,2
23.8179,23.7475,-23.7088,0.0003023,COc1ccc(C2C(C#N)C(=N)N(c3ccc([N+](=O)[O-])cc3)C3=CC(C)(C)CC(=O)C32)cc1,1,-9.9618092,-9.9618,9.1358652,9.1359,2
23.5327,23.5845,975.3666,7.8043056,O=S(=O)(c1ccc(OC2CCNCC2)cc1)N1CCCCC1,1,6.6668215,6.6668,9.1358652,9.1359,2
30.2999,30.2770,800.9039,6.4936013,CCOc1cc2[nH]cc(C#N)c(=Nc3cccc(O)c3C)c2cc1NCc1cn(C)cn1,1,4.6155305,4.6155,9.1358652,9.1359,2
37.0470,37.0262,618.2112,5.1190424,CC1CCN(C(=S)NNC(=S)c2cc3sccc3n2Cc2cccc(F)c2)CC1,1,2.8683212,2.8683,9.1358652,9.1359,2
26.2637,26.2740,723.8452,5.8603063,O=C(CCCC1CCCCC1)NCCCCCCCN=c1c2c([nH]c3ccccc13)CCCC2,1,3.7591612,3.7592,9.1358652,9.1359,2
27.7998,27.7919,-27.7532,0.0003023,CC(C)(C)CNC(=O)Cn1cc(NC(=O)c2cnn3cccnc23)c(-c2cc(Cl)ccc2OC(F)F)n1,1,-6.6485882,-6.6486,9.1358652,9.1359,2
22.9744,22.9091,-22.8704,0.0003023,CCOC(=O)c1cc(-c2cc(OC)c(OC)c(OC)c2)c(-c2cc(OC)c(OC)c(OC)c2)[nH]1,1,-4.8176074,-4.8176,9.1358652,9.1359,2
25.9500,25.9411,756.3074,6.1113172,CC(C)(COc1ccc(-c2ccnc3[nH]ccc23)cc1)C(=O)O,1,4.0880847,4.0881,9.1358652,9.1359,2
23.2764,23.2492,296.2148,2.4958124,COC(=O)c1ccc(-n2c(O)cn(Cc3cccs3)c2=S)cc1,1,0.6818270,0.6818,9.1358652,9.1359,2
28.9146,28.9315,621.2830,5.0798001,O=C1c2cccc([N+](=O)[O-])c2C(=O)N1CCCCCCNCCc1c[nH]c2ccccc12,1,2.8245130,2.8245,9.1358652,9.1359,2
38.4496,38.4607,612.7730,5.0877628,O=C(NC#CCN1CCCC1)C12CC3C(CCN3C1)C2c1ccccc1,1,2.8333745,2.8334,9.1358652,9.1359,2
30.9899,31.0216,883.4626,7.1444077,CCN1CCN(C(CNC(C)CN2CCOCC2)c2ccccc2)CC1,1,5.5870528,5.5871,9.1358652,9.1359,2
27.5529,27.5235,-27.4848,0.0003023,O=C(c1cc2c(s1)-c1ccccc1OC2)N(Cc1ccc2c(c1)OCO2)c1ccccc1,1,-2.4722900,-2.4723,9.1358652,9.1359,2
28.1686,28.1631,964.8298,7.7577567,COc1ccccc1CCNC(=O)N1CC2CNCC2C1,1,6.5875306,6.5875,9.1358652,9.1359,2
26.8465,26.9108,868.5003,6.9953990,Cc1cc2nc(C)c(=Nc3ccc4[nH]ncc4c3)[nH]c2cc1C,1,5.3564291,5.3564,9.1358652,9.1359,2
31.4831,31.4872,698.6408,5.7041249,COc1ccccc1C=CC(=O)N(Cc1ccccc1)C(C)C(=O)NCCC(C)C,1,3.5614622,3.5615,9.1358652,9.1359,2
33.5337,33.4236,352.3615,3.0139463,O=C(CNC(=O)C1CC2CCCCC2N1C(=O)C1Cc2ccccc2CN1)NC(c1ccccc1)c1ccccc1,1,0.9943089,0.9943,9.1358652,9.1359,2
29.4470,29.4539,-29.4153,0.0003023,CCn1c(C(=O)Nc2ccc3oc(N(C)C)nc3c2)cc2sccc21,1,-1.3383402,-1.3383,9.1358652,9.1359,2
31.3103,31.4423,877.6391,7.1021986,CC(C)C(=O)NC(C[S+]([O-])C(c1ccccc1)c1ccccc1)C(=O)N(C)C,1,5.5212321,5.5212,9.1358652,9.1359,2
33.0556,33.0343,-32.9956,0.0003023,CCOc1ccc(N2CCc3nc(=N)[nH]cc3C2)cc1C(=O)NC1CCCCC1,1,-3.1574490,-3.1574,9.1358652,9.1359,2
23.7706,23.7558,842.3523,6.7664695,COc1ccc(C(=O)NC(=S)N=c2cc(C)cc(C)[nH]2)cc1OC,1,5.0115790,5.0116,9.1358652,9.1359,2
37.8277,37.7923,673.1210,5.5540104,CC(C)(CC(O)OCC1(COC2(c3ccc(Cl)cc3)CCC2)CSCC1=O)C(=O)O,1,3.3764760,3.3765,9.1358652,9.1359,2
30.5823,30.4916,-30.4529,0.0003023,COc1ccc(-c2cccc(NC(=O)c3ccc(OC(=O)N(C)C)cc3)c2)cc1CN1CCNCC1,1,-22.3473473,-22.3473,9.1358652,9.1359,2
35.4891,35.5092,789.0108,6.4415622,CCOC(=O)C(C#N)C(=NCc1csc2c(Cl)cccc12)[N+](=O)[O-],1,4.5418491,4.5418,9.1358652,9.1359,2
28.1275,28.0908,719.6680,5.8418660,CCc1ccc(OCC(=O)N2CCC(c3nc4ncccc4o3)CC2)cc1,1,3.7355411,3.7355,9.1358652,9.1359,2
39.2454,39.1817,-39.1430,0.0003023,CN(C)c1cccc(-c2cc(=O)cc3oc(-c4ccncc4)cc(=O)c3c2O)c1,1,-10.8190041,-10.8190,9.1358652,9.1359,2
25.7830,25.8263,956.0580,7.6709709,Cc1[nH]c(=O)c(C#N)c(Br)c1C(=O)O,1,6.4409652,6.4410,9.1358652,9.1359,2
45.9224,45.9282,-45.8895,0.0003023,O=C(C=Cc1ccc(C(=O)NCCC2CCNCC2)cc1)NCCCCCCCCC(=O)Nc1ccccc1C(=O)O,1,-1.2287170,-1.2287,9.1358652,9.1359,2
21.6608,21.6858,967.3611,7.7269292,CSc1ccccc1NC(=O)CSc1nccn1C,1,6.5352802,6.5353,9.1358652,9.1359,2
33.6679,33.6979,414.8721,3.5044527,COc1cc(NC(=O)Cn2c(=O)n(C)c(=O)c3oc4ccccc4c32)c(Cl)cc1Cl,1,1.3442831,1.3443,9.1358652,9.1359,2
31.4846,31.4110,-31.3723,0.0003023,O=C1CSc2ccc(C(=O)N3CCC4(CCCN(Cc5ccc(-c6cncnc6)cc5)C4=O)CC3)cc2N1,1,-33.7405968,-33.7406,9.1358652,9.1359,2
36.1890,36.2021,-36.1634,0.0003023,Cn1nc(CNC(=O)N2CCCC2)c2c1CCCC1CN(C2)C1,1,0.0000000,0.0000,9.1358652,9.1359,2
43.9577,44.0411,326.4173,2.8942068,Cc1cc2cc(CN(Cc3ccccc3)C(=S)NCCCN=c3cc[nH]c4cc(Cl)ccc34)cnc2s1,1,0.9168735,0.9169,9.1358652,9.1359,2
30.3712,30.3570,840.7615,6.8056130,COc1ccc(C)cc1NC(=O)CN(C)C(=O)Cn1cnc2sccc2c1=O,1,5.0697298,5.0697,9.1358652,9.1359,2
27.9409,28.0258,831.1687,6.7124572,CC1CCCCN1C(=O)CSc1nnc(CCNC(=O)c2ccc(Cl)cc2)o1,1,4.9318895,4.9319,9.1358652,9.1359,2
25.3686,25.3399,-25.3012,0.0003023,COC(=O)c1ccccc1-c1ccc2c(N3CCOCC3C)nc(N3CCOCC3C)nc2n1,1,-5.9802957,-5.9803,9.1358652,9.1359,2
35.1365,35.1011,-35.0624,0.0003023,CC(C)=CCc1cc(C(=O)Nc2cc3cc(CC(=O)O)c4c(c3oc2=O)OCO4)ccc1O,1,-17.6966190,-17.6966,9.1358652,9.1359,2
26.3482,26.3494,414.5462,3.4444969,CC(=O)Nc1ccc(NC(=O)C=CC=C(C)C=CC2=C(C)CCCC2(C)C)cc1,1,1.2986795,1.2987,9.1358652,9.1359,2
29.9010,29.8318,923.7350,7.4497409,CC(C)(C)C(NC(=O)N=c1[nH]ccs1)C(=O)NCCc1ccccc1,1,6.0748100,6.0748,9.1358652,9.1359,2
31.4389,31.3142,-31.2755,0.0003023,COc1ccc2nc(-c3ccc(NCc4ccc5cccc(C)c5n4)cc3)sc2c1,1,-9.4809847,-9.4810,9.1358652,9.1359,2
30.1627,30.1350,930.2064,7.5026665,COc1ccc(Cc2cn(C)c(=NC(=O)CC(F)(F)F)[nH]2)cc1,1,6.1614313,6.1614,9.1358652,9.1359,2
31.1050,31.0791,630.9382,5.1720104,CC(=O)c1cccc(-c2c3c(-c4ccccc4O)n[nH]c3c(O)n2CCc2ccccc2F)c1,1,2.9279866,2.9280,9.1358652,9.1359,2
23.3613,23.3386,-23.2999,0.0003023,CC(C)C(=O)N1CCN(c2ccc(N=CC3C(=O)CC(C)(C)CC3=O)cc2)CC1,1,-3.1707866,-3.1708,9.1358652,9.1359,2
28.0347,28.0262,762.0908,6.1727886,CCOC(=O)c1c(N=C(SC)SCC)sc2c1CCC2,1,4.1707397,4.1707,9.1358652,9.1359,2
28.9568,28.9694,906.0682,7.3049808,COC(=O)c1ccc2[nH]cc(CCNC(=O)c3ccccc3SC)c2c1,1,5.8410172,5.8410,9.1358652,9.1359,2
25.4114,25.4253,716.8086,5.7987022,CCCOC(=O)CC1CCC2(CC1)OOC1(O2)C2CC3CC(C2)CC1C3,1,3.6805434,3.6805,9.1358652,9.1359,2
23.7239,23.8009,909.6524,7.2926040,CC1=NC2(CCNCC2)CO1,1,5.8212414,5.8212,9.1358652,9.1359,2
34.0865,34.1779,-34.1392,0.0003023,CC(=O)N=c1[nH]c(C)c(-c2nc3cc(C(=O)NCCn4ccnc4)ccc3[nH]2)s1,1,-12.9721460,-12.9721,9.1358652,9.1359,2
30.5146,30.5292,321.7847,2.7524519,CN(Cc1ccc(Cl)cc1)C1CCN(c2cc(C(N)=O)c3nccn3c2)CC1,1,0.8292583,0.8293,9.1358652,9.1359,2
30.4511,30.3630,812.1981,6.5825086,CCCCc1c(CN2CCC(C(N)=O)CC2)c2ccccc2c(=O)n1-c1ccc(F)cc1,1,4.7427826,4.7428,9.1358652,9.1359,2
21.9165,21.9688,1014.3480,8.0962248,O=C1CN(C(=O)N2CCCCC2)c2ccccc2N1,1,7.1748934,7.1749,9.1358652,9.1359,2
33.8092,33.7507,-33.7120,0.0003023,COc1ccc(C(=O)OCC(=O)Nc2cccc3c2C(=O)c2c(NC(=O)C(C)(C)C)cccc2C3=O)cc1OC,1,-1.3675760,-1.3676,9.1358652,9.1359,2
32.5948,32.6267,-32.5880,0.0003023,CC1CCC2(OC1)OOC(C1CCC3(O)C1CCC1C3CCC3CC(O)CCC31C)CC2C,1,-5.7627087,-5.7627,9.1358652,9.1359,2
22.3342,22.3994,842.9747,6.7607355,Cc1nc(C)c(COc2ccc([N+](=O)[O-])cc2)nc1C,1,5.0030885,5.0031,9.1358652,9.1359,2
18.6852,18.6870,948.0882,7.5529308,O=C(NCCN1CCOCC1)c1cccs1,1,6.2442651,6.2443,9.1358652,9.1359,2
33.7692,33.7287,786.6902,6.4095221,NCCCOc1cc(N)c(Cl)cc1C(=O)NCCc1ccc(-c2ncccn2)cc1,1,4.4967799,4.4968,9.1358652,9.1359,2
27.1829,27.1277,701.8477,5.6951199,O=C(OCSC(=S)N(C1CCCCC1)C1CCCCC1)c1ccccc1,1,3.5502260,3.5502,9.1358652,9.1359,2
42.1758,42.1853,326.6136,2.8812418,CC(C)(CCC1(C)C(O)C(O)CC2CCC3C4(C)CCCC(C)(C)C4CCC3(C)C21C)CC(=O)O,1,0.9086774,0.9087,9.1358652,9.1359,2
31.1811,31.1683,-31.1296,0.0003023,C1CCC(N=C(NC2C3CC4CC(C3)CC2C4)SC2CCCCCC2)CC1,1,0.0000000,0.0000,9.1358652,9.1359,2
30.9542,30.8847,-30.8460,0.0003023,O=C(Cn1cc(NCCO)cn1)N1CCC(=C2c3ccc(Cl)cc3CCc3cc(Br)cnc32)CC1,1,0.0000000,0.0000,9.1358652,9.1359,2
17.8437,17.8725,796.1215,6.3593283,NC(CCC(=O)O)C(=O)O,1,4.4266257,4.4266,9.1358652,9.1359,2
33.2721,33.2174,801.9243,6.5245438,COc1cc2c(cc1CCC(=O)N=c1[nH]c(-c3cccc([N+](=O)[O-])c3)cs1)OCO2,1,4.6596217,4.6596,9.1358652,9.1359,2
31.0311,30.9692,650.9849,5.3277659,COC(=O)c1ccc(C(F)(F)F)cc1NNC(=O)Nc1ccc(F)cc1,1,3.1069951,3.1070,9.1358652,9.1359,2
25.4611,25.4540,-25.4153,0.0003023,O=C(NCCN1CCOCC1)N1CC2CC(C1)c1cccc(=O)n1C2,1,0.0000000,0.0000,9.1358652,9.1359,2
24.7097,24.7320,642.4518,5.2123737,Cc1ccc2cc(C=C(C#N)c3nc4ccccc4[nH]3)c(Cl)nc2c1,1,2.9738660,2.9739,9.1358652,9.1359,2
21.8437,21.8734,971.3363,7.7594504,c1cc2c(cc1-c1nc(CNCC3CCCO3)co1)OCO2,1,6.5904074,6.5904,9.1358652,9.1359,2
19.8462,19.8657,942.6000,7.5192628,C[n+]1[nH]c(=Nc2ccccc2)sc1-c1ccccc1,1,6.1887207,6.1887,9.1358652,9.1359,2
41.8017,41.7781,701.7516,5.8088264,CN(C)C(=O)Oc1cc2c(s1)-c1c(Br)[nH]c3ncc(F)c-2c13,1,3.6934066,3.6934,9.1358652,9.1359,2
22.3006,22.3106,1001.3632,7.9974513,Cc1ccccc1C(=O)NCC(c1ccco1)N1CCOCC1,1,7.0008936,7.0009,9.1358652,9.1359,2
25.2048,25.2327,649.4983,5.2713361,CCCCCCCCCCCCCCNc1cccc(C(=O)OCC)c1,1,3.0415275,3.0415,9.1358652,9.1359,2
30.5350,30.5287,939.7764,7.5805082,COc1cccc(OC)c1C(=O)NC(=O)C1CCCN1C(=O)C1CC1,1,6.2899470,6.2899,9.1358652,9.1359,2
25.0009,24.9904,909.5428,7.3010402,C1=CC2=c3c(cccc3=N2)S1,1,5.8347178,5.8347,9.1358652,9.1359,2
24.7139,24.7596,901.9427,7.2398624,CCCCN(c1nc2ccccc2o1)S(=O)(=O)c1ccccc1,1,5.8316565,5.8317,8.9881172,8.9881,3
27.8714,27.9021,932.2933,7.5015268,COC(=O)C1CCC2(CN1)Cc1ccccc1C(=O)O2,1,6.2608109,6.2608,8.9881172,8.9881,3
22.4829,22.4913,837.9023,6.7218256,COc1ccc(OC)c(C2NC(=O)N=C(C)C2C(=O)Nc2ccc(Cl)cc2)c1,1,5.0269632,5.0270,8.9881172,8.9881,3
26.1118,26.1911,829.4968,6.6850619,CCOC(=O)N1CCC(N=c2cnc(C)c[nH]2)CC1,1,4.9721260,4.9721,8.9881172,8.9881,3
27.9793,27.9589,871.6086,7.0278716,CS(=O)(=O)Cc1cc(F)cc(N=c2[nH]n(C3CCCCC3C#N)cc2C(N)=O)c1,1,5.4951415,5.4951,8.9881172,8.9881,3
43.7685,43.6363,-43.5980,0.0002998,CC(C(=O)N1CCc2ccccc21)N1CCCc2ccc(Oc3ccccc3NC(=O)Cc3cnccn3)cc2C1=O,1,0.0000000,0.0000,8.9881172,8.9881,3
29.3466,29.3691,-29.3307,0.0002998,CC(OCc1cccc(-c2cc(=NC(=O)C3(C)CC(C)(O)C3)[nH]n2-c2ccccc2)c1)C(F)(F)F,1,-0.6029867,-0.6030,8.9881172,8.9881,3
36.2045,36.1467,897.1167,7.2911205,CC(CC1(O)CN2CCC1CC2)OC(=O)c1c(Cl)cccc1Cl,1,5.9145241,5.9145,8.9881172,8.9881,3
37.0372,37.0533,468.3751,3.9486594,COc1ccc(S(=O)(=O)Nc2sc3c(C)c(Cl)ccc3c2NCCNC(C)=O)cc1,1,1.7347248,1.7347,8.9881172,8.9881,3
24.0388,23.9327,937.1721,7.5086317,Fc1cccc(C=Cc2ccc(Br)cn2)c1,1,6.2726769,6.2727,8.9881172,8.9881,3
25.3378,25.2948,-25.2564,0.0002998,COc1ccc(-c2ccc(C#N)c(SCC(=O)Nc3ccc(C(F)(F)F)cc3)n2)cc1,1,-1.0699056,-1.0699,8.9881172,8.9881,3
19.5401,19.4973,976.9285,7.7845764,OC(CCl)COc1ccccc1,1,6.7421923,6.7422,8.9881172,8.9881,3
32.5425,32.5407,742.9136,6.0582361,N#CC(=Cc1ccccc1OCc1ccc(Cl)nc1)c1ccccc1Br,1,4.0834165,4.0834,8.9881172,8.9881,3
37.2133,37.0589,-37.0206,0.0002998,C=CCc1cc(-c2cc(C=CC(=O)O)cc(OCc3ccccc3)c2)ccc1OCc1csc(C)n1,1,-5.9554305,-5.9554,8.9881172,8.9881,3
23.5652,23.5886,909.5544,7.2901793,Cc1cccc(NC(=O)COC(=O)C=Cc2cccs2)c1C,1,5.9129972,5.9130,8.9881172,8.9881,3
35.5158,35.5792,890.8297,7.2375698,CC(=CS(=O)(=O)O)c1cc2oc(=O)ccc2cc1[N+](=O)[O-],1,5.8279629,5.8280,8.9881172,8.9881,3
24.0679,24.1604,896.7615,7.1947026,Cc1ncc([N+](=O)[O-])n1CCSCC(=O)C(F)(F)F,1,5.7591314,5.7591,8.9881172,8.9881,3
27.0961,27.0660,-27.0276,0.0002998,Cc1nn(Cc2ccccc2Cl)c(C)c1NC(=O)c1nc2ccc(Br)cn2n1,1,-15.8090134,-15.8090,8.9881172,8.9881,3
28.0826,28.2070,830.0277,6.7049589,CCn1cc(S(=O)(=O)NC(C)(C)C(=O)NC)cn1,1,5.0017667,5.0018,8.9881172,8.9881,3
26.1511,26.0866,805.5252,6.4969673,COC(=O)Cc1nc2sc3ccccc3c2c2ccccc12,1,4.6962657,4.6963,8.9881172,8.9881,3
24.1233,24.0823,921.9713,7.3910441,N#Cc1ccc(NC(=O)CSc2cnc3ccccc3n2)cc1,1,6.0777507,6.0778,8.9881172,8.9881,3
22.8745,22.8682,931.2845,7.4543185,O=C(O)c1cc(C=C2Cc3ccccc3C2=O)ccc1O,1,6.1822581,6.1823,8.9881172,8.9881,3
28.2768,28.2809,693.4028,5.6381540,CCOC(=O)C1CN1C1=NC(=O)C(=Cc2ccc(O)c(O)c2)S1,1,3.5367563,3.5368,8.9881172,8.9881,3
38.1510,38.0076,905.7230,7.3728948,CCOC(=O)C1CC(C(F)(F)F)CN(C(=O)Cn2c(-c3nn[nH]n3)cc3ccccc32)C1,1,6.0479379,6.0479,8.9881172,8.9881,3
38.3804,38.3813,-38.3430,0.0002998,CCOC(=O)CCC(CCC(N)=O)=NC(=O)C(Cc1ccccc1)NC(=O)C(C)NC(=O)C(Cc1c[nH]c(=N)s1)NC(=O)OC(C)(C)C,1,-4.0071673,-4.0072,8.9881172,8.9881,3
23.3176,23.3391,559.8915,4.5564899,COc1ccc(-c2csc(C(NC(C)=O)c3cccc(F)c3)n2)cc1,1,2.3098938,2.3099,8.9881172,8.9881,3
30.2283,30.3481,530.4507,4.3812413,CCCc1ccc(C(C)C(N)C(=O)N2CCCC2C(=O)NC(c2ccccc2)c2ccccc2)cc1,1,2.1356280,2.1356,8.9881172,8.9881,3
45.2849,45.3801,908.5023,7.4522057,CCCCC1CC=C(C(=O)OC)CN1S(=O)(=O)c1ccc2ncn(C)c2c1,1,6.1787539,6.1788,8.9881172,8.9881,3
33.9978,34.0249,875.2985,7.1040888,COC(=O)C(NC(=O)NC(C)(C(=O)OC)C(C)C)C(C)(C)C,1,5.6149778,5.6150,8.9881172,8.9881,3
22.1827,22.2667,939.3380,7.5125370,CCn1cc(Sc2ccc(F)cc2)c2c(=N)[nH]cnc21,1,6.2792029,6.2792,8.9881172,8.9881,3
27.1009,27.1022,872.4703,7.0279102,CN(C)CCNC(=O)c1ccc(OC2CCNCC2)c(C(F)(F)F)c1,1,5.4952025,5.4952,8.9881172,8.9881,3
26.1491,26.2072,828.9037,6.6805544,Cc1cccc2cc(C(=O)NN=Cc3ccccc3Cl)[nH]c12,1,4.9654236,4.9654,8.9881172,8.9881,3
22.1224,21.9058,964.8083,7.7087035,CC(C)c1cc(=O)c(-c2ccc(F)cc2)c(O)o1,1,6.6114073,6.6114,8.9881172,8.9881,3
24.4267,24.5003,892.3019,7.1625175,Cc1nc2ccccc2c(=O)n1NN,1,5.7077203,5.7077,8.9881172,8.9881,3
31.2381,31.1542,-31.1158,0.0002998,O=C(C=Cc1cccc(S(=O)(=O)N2CCCCCC2)c1)NC(=O)c1ccccc1,1,0.0000000,0.0000,8.9881172,8.9881,3
27.3798,27.5709,909.5009,7.3208733,CC(CNCC(O)COc1ccccc1)NCc1cccc(Cl)c1,1,5.9628935,5.9629,8.9881172,8.9881,3
24.1834,24.1728,779.1605,6.2760420,CC(C)(C)OC(=O)C(Cc1c[nH]c2ccccc12)NC(=O)OCc1ccccc1,1,4.3823090,4.3823,8.9881172,8.9881,3
40.1670,40.1293,419.9359,3.5942593,COc1cccc(F)c1N(C(=O)C(C)C)c1ccc(-c2ncccn2)cc1,1,1.4373085,1.4373,8.9881172,8.9881,3
24.0783,24.0735,959.8329,7.6867695,CCc1ccc(CNC(=O)Cc2cccc(OC)c2)cc1,1,6.5738382,6.5738,8.9881172,8.9881,3
19.7602,19.7538,991.5913,7.9011340,Cc1ccc(S(=O)(=O)Nc2ccccc2Br)cc1,1,6.9456043,6.9456,8.9881172,8.9881,3
28.5967,28.6669,928.7106,7.4795122,CCN1CCN(c2nc(Cl)c(F)cc2-c2ccccc2)CC1,1,6.2241178,6.2241,8.9881172,8.9881,3
31.7169,31.7929,-31.7546,0.0002998,CCCCCCc1ccc(NC(=O)Cc2nnc(SCC(=O)N3CCOCC3)o2)cc1,1,-0.4206842,-0.4207,8.9881172,8.9881,3
35.8269,35.9096,726.1087,5.9532685,CNC(=O)C(OC)c1ccccc1CON=C(COCC(=O)O)c1ccc(Cl)c(Cl)c1,1,3.9431398,3.9431,8.9881172,8.9881,3
38.0011,38.1205,157.5040,1.5283158,O=C(NC1CC(=O)N2c3c(cccc3[N+](=O)[O-])OCC12)c1cccnc1,1,0.2598708,0.2599,8.9881172,8.9881,3
26.1002,26.2416,912.2975,7.3323369,COCCCNC(=O)c1ccccc1NC(=O)CSC1=NCCS1,1,5.9815822,5.9816,8.9881172,8.9881,3
30.2776,30.1736,860.8978,6.9614954,CCC(=NC(C)(C)C(C)C)C1C(=O)Cc2ccccc2C1=O,1,5.3918324,5.3918,8.9881172,8.9881,3
34.1403,34.2037,809.8345,6.5940485,CC(C)(c1c(F)cccc1OCc1ccccc1)C1CCCC(C(=O)O)C1,1,4.8376617,4.8377,8.9881172,8.9881,3
27.5947,27.6565,560.9023,4.5981154,CCCCCCCCCCCCCCCCC(=O)OCCCCCCCCO,1,2.3522906,2.3523,8.9881172,8.9881,3
36.2208,36.1857,-36.1473,0.0002998,Cn1c(-c2ccc(OCC(C)(C)N)cn2)nc(-c2ccc(F)cc2)c1-c1ccncc1F,1,-13.2855110,-13.2855,8.9881172,8.9881,3
18.1922,18.2598,985.2793,7.8401494,C=CCc1cccc(OC)c1O,1,6.8387995,6.8388,8.9881172,8.9881,3
46.0386,46.2376,-46.1992,0.0002998,COc1cc2ncnc(-c3cncc4[nH]ccc34)c2cc1NC(=O)N1CCC(C(O)C(C)(C)O)CC1,1,-13.9404459,-13.9404,8.9881172,8.9881,3
17.3778,17.4405,978.2645,7.7789459,N=c1[nH]cnc2c1ncn2Cc1ccccc1,1,6.7324438,6.7324,8.9881172,8.9881,3
32.8177,32.9531,-32.9147,0.0002998,CCC1CN(C(=O)NCC(C)C(F)(F)F)Cc2cc(C)ccc2O1,1,0.0000000,0.0000,8.9881172,8.9881,3
33.9528,34.1354,758.9308,6.1958294,CCCCC1C(C)CC2(C(=O)OC)CCCCC2C1c1ccc(F)cc1,1,4.2710056,4.2710,8.9881172,8.9881,3
19.8620,19.7720,301.3189,2.5085230,Cc1ccc(NC(=O)c2cc(-c3ccccc3)on2)cc1,1,0.7001118,0.7001,8.9881172,8.9881,3
35.7513,35.8413,-35.8029,0.0002998,CCCCN(C)C(=O)c1ccc2c(C(F)(F)F)cc(-c3ccc(F)cc3)nc2n1,1,-0.7342212,-0.7342,8.9881172,8.9881,3
26.1356,26.0403,665.8420,5.4053307,O=C(c1ccccc1)N(Cc1ccccc1)c1ccc(-c2ccccc2)nn1,1,3.2506914,3.2507,8.9881172,8.9881,3
20.1138,20.1587,992.0750,7.9080758,COc1ccc2sc(C(=O)O)cc2c1,1,6.9578142,6.9578,8.9881172,8.9881,3
21.1430,21.1603,970.3277,7.7459998,CC(=O)Nc1ccc(O)cc1C(=O)O,1,6.6755376,6.6755,8.9881172,8.9881,3
37.6108,37.6677,-37.6293,0.0002998,NNC(=O)CCCNCc1cncc2c1OCCCO2,1,0.0000000,0.0000,8.9881172,8.9881,3
30.2069,30.0424,791.2780,6.4165659,O=C(Nc1ccccc1)N(Cc1ccccc1)c1ncnc2sc3c(c12)CCCC3,1,4.5807495,4.5807,8.9881172,8.9881,3
34.6488,34.5086,-34.4702,0.0002998,COc1cc(N2CCN(C(C)=O)CC2)ccc1N=c1[nH]cc(Cl)c(=Nc2ccc(C(C)(C)C)cc2S(C)(=O)=O)[nH]1,1,-14.8664312,-14.8664,8.9881172,8.9881,3
30.1234,30.0831,-30.0447,0.0002998,COC(=O)N=c1[nH]c2ccc(Oc3cccc(NC(=O)Nc4ccc(C(F)(F)F)cc4)c3)nc2[nH]1,1,-4.1138048,-4.1138,8.9881172,8.9881,3
28.4263,28.5780,932.4789,7.5082574,CN(C)C(=O)COc1cccc(OCC(O)CN2CCCC2)c1,1,6.2720513,6.2721,8.9881172,8.9881,3
32.8477,33.0160,600.9404,4.9527845,CCCC(NC(=O)Cc1cccc(OC)c1)C(=O)NC(CC1CCCCC1)C(O)CC(C)C,1,2.7291672,2.7292,8.9881172,8.9881,3
38.5531,38.5550,868.8926,7.0894341,CC(C)(C)OC1CC(C2C3CC4C5C3CC3C2C3C45)N1,1,5.5918360,5.5918,8.9881172,8.9881,3
28.5830,28.5710,701.9551,5.7072358,Cc1cc(C)c(NS(=O)(=O)c2ccc3c(N4CCNCC4)cccc3c2)c(C)c1,1,3.6239557,3.6240,8.9881172,8.9881,3
22.3686,22.4145,-22.3761,0.0002998,O=C(NC1CCCCCC1)NS(=O)(=O)c1ccc(Cl)cc1,1,0.0000000,0.0000,8.9881172,8.9881,3
40.8896,40.8795,-40.8411,0.0002998,O=C(c1cccnc1)N(Cc1ccc2ccc(CN=c3cc[nH]cc3)cc2c1)Cc1c(O)ccc2ccccc12,1,-1.8920026,-1.8920,8.9881172,8.9881,3
20.5407,20.4914,947.9346,7.5658283,O=C1Nc2ccccc2C1=Cc1ccccc1Cl,1,6.3686042,6.3686,8.9881172,8.9881,3
34.2216,34.2637,953.0362,7.7132802,CN(C)C=Cc1onc(-c2nonc2-c2ccccc2)c1O,1,6.6192603,6.6193,8.9881172,8.9881,3
26.3645,26.5573,927.8289,7.4561419,Cc1sc2n[nH]c(SCC(=O)NC3CCCC3)c2c1C,1,6.1852827,6.1853,8.9881172,8.9881,3
32.6806,32.7541,342.6140,2.9325635,NC(=NN=Cc1ccc(C=CC(=O)Nc2ccc(S(N)(=O)=O)cc2)cc1)Nc1ccccc1,1,0.9568109,0.9568,8.9881172,8.9881,3
21.7940,21.9527,-21.9144,0.0002998,COCCCn1c(=S)[nH]c2cc(C(=O)NCCN3CCOCC3)ccc2c1=O,1,-0.2579412,-0.2579,8.9881172,8.9881,3
33.3294,33.3943,924.3875,7.4826708,COc1ccc(C(C)C(=O)N=C2C=C(Cl)C(=O)C2C)cc1OC,1,6.2293758,6.2294,8.9881172,8.9881,3
30.0525,29.9895,695.2038,5.6655726,COc1ccc(-c2c[n+](CC(=O)c3ccc(Cl)c(Cl)c3)c3n2CCC3)c(OC)c1,1,3.5712383,3.5712,8.9881172,8.9881,3
30.2694,30.2204,474.0933,3.9399512,CCOC(=O)C(C)Oc1cccc2[nH]cnc(=Nc3ccc(OCc4ccc(F)cc4)c(Cl)c3)c12,1,1.7270819,1.7271,8.9881172,8.9881,3
35.9162,36.1887,681.4738,5.6067381,CCCCCCCCCC(=O)OCC12CCC(=O)CC1C1OC1CC2,1,3.4974525,3.4975,8.9881172,8.9881,3
33.6953,33.5192,-33.4808,0.0002998,COc1ccccc1C1CCc2c(n[nH]c2C(=O)Nc2cnn(Cc3ccccc3F)c2)C1,1,-20.4787045,-20.4787,8.9881172,8.9881,3
32.1835,32.2486,693.4858,5.6697998,CCCCCCCCc1ccc(N2C3CCC(OC)C2CC3)cc1,1,3.5765696,3.5766,8.9881172,8.9881,3
26.1612,26.2308,908.0985,7.2994475,O=C(Cc1ccccn1)N1CC2CCN(Cc3ccccn3)CC2C1,1,5.9280419,5.9280,8.9881172,8.9881,3
28.5055,28.5412,825.1266,6.6692796,CN(C)C(=O)n1c(-c2cc(Cl)sc2Cl)nc2ccccc21,1,4.9486771,4.9487,8.9881172,8.9881,3
31.5734,31.5211,-31.4828,0.0002998,O=C1c2ccc(Cl)c(Cl)c2C(=O)N1c1ccc(CCCc2cccc(O)c2)cc1,1,-1.3920263,-1.3920,8.9881172,8.9881,3
32.1088,32.0353,-31.9969,0.0002998,O=C(N1CCc2cccc3c2C(CCC3)C1)C1(c2cccs2)CCOCC1,1,0.0000000,0.0000,8.9881172,8.9881,3
27.1098,27.0657,215.0539,1.8915598,C#Cc1ccc(-c2c(SC)[nH]n(-c3c(Cl)cc(Cl)cc3Cl)c2=N)cc1,1,0.3980809,0.3981,8.9881172,8.9881,3
27.1099,27.0152,-26.9769,0.0002998,CC(C)(C)OC(=O)N1CCC(CC2(c3ccc(F)cc3)c3ccccc3-c3nccn32)CC1,1,-2.1210196,-2.1210,8.9881172,8.9881,3
19.2189,19.2689,-19.2305,0.0002998,CCN1CCN(C2=Nc3ccc(Br)cc3CC=C2c2ccccc2)CC1,1,0.0000000,0.0000,8.9881172,8.9881,3
36.7533,36.6342,318.1790,2.7719784,CCCS(=O)(=O)N(c1ccc(CCN(C)Cc2ccccc2Cl)cc1)S(=O)(=O)c1ccc(O)cc1,1,0.8548913,0.8549,8.9881172,8.9881,3
22.4548,22.4624,715.0374,5.7617173,COc1ccc(NC(=O)c2[nH]nc3ccccc23)cc1OC,1,3.6934750,3.6935,8.9881172,8.9881,3
25.7462,25.6470,865.3172,6.9606576,CCN(CC)c1ccc(C2=C(c3cccc(C(F)(F)F)c3)C(=O)NC2=O)cc1,1,5.3905344,5.3905,8.9881172,8.9881,3
23.2035,23.1956,781.6888,6.2881598,COc1ccc(CNCCCCCCNCCc2ccccc2)cc1OC,1,4.3992481,4.3992,8.9881172,8.9881,3
31.8861,31.8125,-31.7742,0.0002998,COc1ccc(C(C(=O)NC2CCCCC2)N(Cc2cccs2)C(=O)c2ccccn2)cc1F,1,-1.5423145,-1.5423,8.9881172,8.9881,3
23.7873,23.8734,652.4834,5.2840371,COc1c2ccc(C(=O)NC3CCCCC3)cc2nn1C,1,3.1064401,3.1064,8.9881172,8.9881,3
28.8006,28.8210,930.3515,7.4935350,COCc1nc2ccccc2c(=NN=Cc2cccc([N+](=O)[O-])c2)[nH]1,1,6.2474785,6.2475,8.9881172,8.9881,3
27.0997,27.1538,-27.1154,0.0002998,Cc1ccc(F)c(NC(=O)c2cnn3c2NC(c2ccc(Cl)cc2)CC3C(F)(F)F)c1,1,-7.3057246,-7.3057,8.9881172,8.9881,3
24.3764,24.5372,902.7115,7.2441306,COC1OC(CO)C(O)C(OCc2ccc3ccccc3c2)C1OC,1,5.8385339,5.8385,8.9881172,8.9881,3
24.9901,25.0312,872.1281,7.0090561,CCS(=O)(=O)N1CCCc2ccc(NS(=O)(=O)c3cccc4cnccc34)cc21,1,5.4657574,5.4658,8.9881172,8.9881,3
22.9386,23.0615,909.0973,7.2824903,CN1CCN(Cc2cc([N+](=O)[O-])ccc2N)CC1,1,5.9005303,5.9005,8.9881172,8.9881,3
21.5399,21.5139,897.2958,7.1782002,CCOC(=O)c1nn(-c2ccccc2)c(-c2ccccc2)c1C#N,1,5.7327428,5.7327,8.9881172,8.9881,3
20.4118,20.4055,920.7642,7.3528876,O=C1CC(=Nc2cccc(Br)c2)c2ccccc2C1=O,1,6.0151591,6.0152,8.9881172,8.9881,3
26.9921,27.1637,939.9505,7.5555799,CCCCC(NC(=O)Cn1nnc2ccccc21)C(=O)OC,1,6.3978639,6.3979,8.9227886,8.9228,4
33.4961,33.4486,665.9026,5.4636810,C[n+]1c(-c2cccc(O)c2)c(Sc2ccc(Br)cc2)n2ccccc21,1,3.3455696,3.3456,8.9227886,8.9228,4
24.0989,24.1239,776.9919,6.2587174,O=C(NCc1ccc(Cl)cc1)C1CCCN1S(=O)(=O)c1cccc2cccnc12,1,4.3900561,4.3901,8.9227886,8.9228,4
34.6669,34.6754,430.6020,3.6349801,Cc1nc2ccc(S(N)(=O)=O)cc2c(=O)n1-c1nsc2ccccc12,1,1.4808241,1.4808,8.9227886,8.9228,4
22.9392,22.8511,-22.8129,0.0002987,COc1ccc(C2CC(c3ccccc3)=Nc3cc(C)ccc3S2)cc1,1,0.0000000,0.0000,8.9227886,8.9228,4
19.4505,19.4794,-19.4412,0.0002987,COc1ccc(C(=O)Nc2ccc(NC(=O)c3ccco3)cc2)cc1,1,0.0000000,0.0000,8.9227886,8.9228,4
31.9079,32.1029,965.0922,7.7905868,CC1Cc2ccc(Cl)cc2N1CCCN1CCCC1=O,1,6.8020487,6.8020,8.9227886,8.9228,4
30.3234,30.3614,765.8293,6.2202407,CCOc1ccc(OCCn2cc(C=NNC(=O)CC)c3ccccc32)cc1,1,4.3362446,4.3362,8.9227886,8.9228,4
26.8799,26.9185,584.6149,4.7776051,CN(C)c1nc2cc(C(F)(F)F)ccc2nc1-c1ccccc1F,1,2.5581141,2.5581,8.9227886,8.9228,4
24.1130,24.0318,-23.9935,0.0002987,O=C(c1coc(-c2ccc(Cl)cc2)n1)N1CCN(c2ccccc2F)CC1,1,-3.9819522,-3.9820,8.9227886,8.9228,4
23.1442,22.9983,872.3148,6.9946336,N#Cc1sc2ncnc(N3CCOCC3)c2c1-c1ccc(Cl)cc1,1,5.4831400,5.4831,8.9227886,8.9228,4
34.9805,34.7541,-34.7159,0.0002987,CC(C)CC(N)C(=O)Nc1cc(C(O)N2CCN(c3ccccc3F)CC2)cn(-c2ccc3c(c2)OCO3)c1=O,1,-19.1819115,-19.1819,8.9227886,8.9228,4
24.6754,24.6422,914.6694,7.3383715,NC(CC(=O)N1CCSCC1C(=O)NC1CCCC1)Cc1cc(F)c(F)cc1F,1,6.0352988,6.0353,8.9227886,8.9228,4
21.1846,21.1447,948.1688,7.5727620,COc1ccc(NC(=O)CSc2ccc(-c3ccccn3)nn2)cc1,1,6.4269958,6.4270,8.9227886,8.9228,4
39.3967,39.2072,-39.1689,0.0002987,O=C(NCCN1CCOCC1)c1cc(CO)cc(CNc2ccc3nc[nH]c(=Nc4cccc(Br)c4)c3c2)c1,1,-3.5065536,-3.5066,8.9227886,8.9228,4
21.6074,21.7646,933.4310,7.4624656,CCOC(=O)C(C)=Cc1ccc(C#N)cc1,1,6.2411423,6.2411,8.9227886,8.9228,4
25.5166,25.5961,842.4151,6.7813380,Cc1cc(N=C(N)c2ccccn2)ccc1-c1ccccc1,1,5.1538310,5.1538,8.9227886,8.9228,4
30.2718,30.0948,-30.0948,0.0000000,c1ccccc1=NCCNCc1cccc(-c2cccc(-c3[nH]c4ccc(F)cc4n3)c2)c1,0,0.0000000,0.0000,0.0000000,0.0000,4
22.6958,22.7546,-22.7164,0.0002987,CC(NC(=O)c1ccc(C#Cc2ccccc2)cn1)C(C)(C)O,1,-10.4569759,-10.4570,8.9227886,8.9228,4
22.2250,22.4109,830.0057,6.6595049,O=C(NCCN1CCOCC1)c1cccc(NC(=O)c2ccco2)c1,1,4.9703078,4.9703,8.9227886,8.9228,4
25.1317,25.1942,709.8539,5.7425638,COc1ccccc1N1CCN(CCCCc2c[nH]c3c2ccc2ccccc23)CC1,1,3.6958220,3.6958,8.9227886,8.9228,4
29.9170,29.5358,-29.4976,0.0002987,CCOc1ccc(C2C(C(=O)OC)C(C)=Nc3c(c(=O)n(C)c(=O)n3C)C2c2ccccc2)cc1,1,0.0000000,0.0000,8.9227886,8.9228,4
26.7496,26.6994,-26.6612,0.0002987,CCCCS(=O)(=O)N1CCC(C(=O)NCc2cc(C(F)(F)F)cc(C(F)(F)F)c2)CC1,1,-10.9611502,-10.9612,8.9227886,8.9228,4
29.1472,29.0749,-29.0366,0.0002987,CC(C)CNC(=O)C(Cc1ccccc1)CC(O)C(CC(C)C)NC(=O)C(Cc1ccccc1)NC(=O)C(NC(=O)OC(C)(C)C)C(C)C,1,-6.2219257,-6.2219,8.9227886,8.9228,4
24.9485,24.9688,978.2166,7.8373858,Cc1cccc(N(C)c2nc(C)nc3cc[nH]c23)c1,1,6.8840156,6.8840,8.9227886,8.9228,4
29.9297,29.7303,-29.6920,0.0002987,COc1cccc(-c2nc(-c3ccc(OC)c(OC)c3)[nH]c2SCC(=O)Nc2ccc(C)c(C)c2)c1,1,-5.5368934,-5.5369,8.9227886,8.9228,4
25.5794,25.6858,980.7541,7.8628119,Cc1ccc(S(=O)(=O)NCc2ccc3c(c2)C(O)C(O)CC3)cc1,1,6.9287543,6.9288,8.9227886,8.9228,4
23.0998,23.0477,993.0923,7.9385937,CN(C)C1CCN(c2ncnc3[nH]cc(C4=CCOCC4)c23)C1,1,7.0629568,7.0630,8.9227886,8.9228,4
27.2073,27.0291,843.5496,6.8013963,O=C1CSc2ccc(C3(O)c4ccccc4C(=O)N3c3ccc(F)cc3)cc2N1,1,5.1843648,5.1844,8.9227886,8.9228,4
41.9740,41.9431,-41.9048,0.0002987,Cc1cc(CCCCOC(C)Cc2ccc(-c3nc4cccnc4s3)cc2)on1,1,-5.1053805,-5.1054,8.9227886,8.9228,4
23.8687,24.0756,965.3415,7.7298208,Cc1ccsc1C(=O)OC(C)C(=O)NC(C)(C)C,1,6.6963515,6.6964,8.9227886,8.9228,4
41.3946,41.2001,621.5883,5.1780340,CCc1ccccc1N(Cc1ccco1)C(=O)c1oc(O)c(Cc2cccc(Cl)c2)c1O,1,3.0048943,3.0049,8.9227886,8.9228,4
36.4411,36.3386,-36.3004,0.0002987,Cc1nc(-c2ccccc2)c(COc2ccc(CC(NC(=O)C(CC(C)C)NC(=O)OCc3ccccc3)C(=O)NC(C)(C)C)cc2)o1,1,-15.4812698,-15.4813,8.9227886,8.9228,4
22.7618,22.6567,974.6152,7.7911864,c1ccc2c(c1)CCC(COc1ccc(-c3nn[nH]n3)cc1)O2,1,6.8030958,6.8031,8.9227886,8.9228,4
38.6287,38.6364,-38.5982,0.0002987,CC(=O)N1CCN(c2cc(Cl)c(C(=O)c3nc4ccccc4[nH]3)cc2[SH](F)(F)(F)F)CC1,1,-7.3105145,-7.3105,8.9227886,8.9228,4
34.0774,34.0508,888.1735,7.2048769,CN1C2CCC1C(OC(=O)C1CC3CCC1CO3)C2,1,5.8177161,5.8177,8.9227886,8.9228,4
23.9559,24.1558,977.2023,7.8231104,CN1CCCC1CNS(=O)(=O)c1c(Cl)cccc1Cl,1,6.8589606,6.8590,8.9227886,8.9228,4
28.3169,28.3878,-28.3495,0.0002987,Cc1ccc(-n2[nH]c(C3CCCC(NCc4ccccc4)C3)cc2=NC(=O)c2cnn3cccnc23)cc1,1,-2.3841512,-2.3842,8.9227886,8.9228,4
28.9997,28.9793,-28.9411,0.0002987,COc1cccc(N2CCN(C(=O)c3ccccc3S(C)(=O)=O)CC2)n1,1,-2.0585458,-2.0585,8.9227886,8.9228,4
36.1713,36.3484,241.1085,2.1676320,C#CCOc1cnc(C(=O)NCC2OCN(c3ncccn3)CC2C)cn1,1,0.5265874,0.5266,8.9227886,8.9228,4
40.1910,40.2378,-40.1995,0.0002987,COC(=O)c1c(C(=O)OC)c2c3c(n(CCNC(C)=O)c(=O)n2c1C(=O)OC)-c1ccc(OC)cc1C3=O,1,-4.2498059,-4.2498,8.9227886,8.9228,4
22.1613,22.1992,967.4975,7.7320057,Cc1cccn2c(=O)cc(CN3CCc4ccccc4C3)nc12,1,6.7001376,6.7001,8.9227886,8.9228,4
25.6650,25.9205,851.3372,6.8535753,CCN1CCN(CCCNC(=O)CN2C(=O)SC(=Cc3ccccc3F)C2=O)CC1,1,5.2642169,5.2642,8.9227886,8.9228,4
23.2474,23.1080,-23.0698,0.0002987,CCCC=c1ncc(=Cc2c(O)n(CCCC)c(=O)n2Cc2ccccn2)n1Cc1ccc(C(=O)OC)cc1,1,-0.1838540,-0.1839,8.9227886,8.9228,4
40.3207,40.3392,-40.3009,0.0002987,O=C(Nc1cccc(Cl)c1)c1ccc(Cl)c(NC(=O)c2cnccc2OCc2cccnc2)c1,1,-7.8730426,-7.8730,8.9227886,8.9228,4
23.8698,23.7171,-23.6789,0.0002987,COc1ccc(C2SC(=Cc3ccc(Br)cc3)C(=O)N2NC(=O)c2ccccc2O)cc1,1,-1.0747416,-1.0747,8.9227886,8.9228,4
24.0763,23.9827,-23.9445,0.0002987,OCC1OC(Oc2ccc(OC3C(O)C(O)C(O)C(CO)C3O)cc2)C(O)C(O)C1O,1,-1.8628618,-1.8629,8.9227886,8.9228,4
31.5209,31.5880,768.0886,6.2474738,CCCCC1C(=CC=CCCCC(=O)O)CNc2ccccc21,1,4.3742971,4.3743,8.9227886,8.9228,4
36.7098,36.7184,567.5392,4.7207627,O=S(=O)(NCCc1coc2cc3oc(Cl)cc3cc12)c1ccc(C=CC(O)=NO)cc1,1,2.4976048,2.4976,8.9227886,8.9228,4
24.3408,24.5565,-24.5183,0.0002987,Cc1noc(C)c1CSCC(=O)Nc1ccc(C(=O)NCc2ccccc2)cc1,1,-6.3911657,-6.3912,8.9227886,8.9228,4
33.8419,33.6390,700.2431,5.7334539,O=C(Nc1ccccc1N=c1c2ccccc2[nH]c2ccccc12)C1=Nc2ccccc2CC1,1,3.6841054,3.6841,8.9227886,8.9228,4
31.1538,31.1160,564.5559,4.6536867,Cc1nc(SCC(=O)N2CCc3ccccc32)nc2c1CCN(c1cccc(Cl)c1)C2,1,2.4271336,2.4271,8.9227886,8.9228,4
25.6792,25.6083,928.1202,7.4510042,C=c1c(=Cc2sc(=O)[nH]c2O)cc(C)n1Cc1cc(Cl)ccc1OC,1,6.2219858,6.2220,8.9227886,8.9228,4
35.0909,35.2107,817.6348,6.6628557,CCOC(=O)NCCCCOC(=O)Oc1cccc(C(=O)OCC)c1,1,4.9753108,4.9753,8.9227886,8.9228,4
31.5324,31.5827,656.9721,5.3793345,O=C(NCc1ccc(CNCc2ccc(Cl)cc2)cc1)c1n[nH]c2ccc(Cl)cc12,1,3.2430713,3.2431,8.9227886,8.9228,4
55.2906,55.1966,-55.1583,0.0002987,CCc1nc(CNC(CCC(=O)NNC(=O)C(NC(=O)C(F)(F)F)C(C)C)C(=O)NC(CC(C)C)C(=O)c2nnc(-c3ccccc3)o2)cs1,1,-3.3134882,-3.3135,8.9227886,8.9228,4
27.7366,27.7263,818.4548,6.6107900,CC(C)NCC(O)COc1c(Br)c(Br)c(Br)c2cc[nH]c12,1,4.8978572,4.8979,8.9227886,8.9228,4
26.5750,26.7819,798.6983,6.4490636,CC(C1CNCCO1)[N+](C)(C)C,1,4.6611462,4.6611,8.9227886,8.9228,4
21.0644,21.2009,908.5782,7.2638996,COc1ccc(C(=O)NCc2ccc(C)n2C)cc1OC,1,5.9134245,5.9134,8.9227886,8.9228,4
21.7803,21.7789,908.7351,7.2696404,COc1cccc(CCCn2[nH]c(=O)c(=O)[nH]c2=O)c1,1,5.9227753,5.9228,8.9227886,8.9228,4
35.8452,36.0180,650.6463,5.3645648,CN(C)CC1CCC2(C(=O)Nc3ccc(N)cc32)C1c1cccc(NS(C)(=O)=O)c1,1,3.2252872,3.2253,8.9227886,8.9228,4
27.6622,27.6206,745.5653,6.0405149,O=C(COc1ccc(Cl)cc1Cl)NCCCOc1ccc(Br)cc1,1,4.0892844,4.0893,8.9227886,8.9228,4
38.3387,38.3104,-38.2721,0.0002987,CCCC(NC(=O)C1CNC(CCC)(C(=O)NCc2cc(C(F)(F)F)cc(C(F)(F)F)c2)C1)C(=O)C(=O)NC1CCCCC1,1,-10.8749447,-10.8749,8.9227886,8.9228,4
20.6065,20.7027,924.5027,7.3844174,O=C1CCCCC1C(=O)N1CCOCC1,1,6.1112757,6.1113,8.9227886,8.9228,4
23.0892,23.2776,950.2286,7.6055172,CS(=O)(=O)NC1C(=O)c2ccccc2C(=O)C1=Nc1ccccc1,1,6.4827147,6.4827,8.9227886,8.9228,4
27.6268,27.7575,968.7205,7.7849839,CCNC(=O)c1cc[n+](COCc2ccccc2)cc1,1,6.7922683,6.7923,8.9227886,8.9228,4
22.9929,23.2408,939.6579,7.5226459,Cc1ccc(C)c(-c2ccnc3[nH]ccc23)c1,1,6.3422103,6.3422,8.9227886,8.9228,4
39.4130,39.3922,-39.3539,0.0002987,c1ccc(CN2CCc3[nH]c(-c4ccc(N=c5nc(-c6ccoc6)cc[nH]5)cc4)nc3C2)cc1,1,-23.5959454,-23.5959,8.9227886,8.9228,4
28.4337,28.4413,870.0750,7.0196589,CCOC(=O)CN(CC(O)=NO)S(=O)(=O)c1cc(Cl)cc(Cl)c1,1,5.5224452,5.5224,8.9227886,8.9228,4
27.7349,27.5784,-27.5402,0.0002987,CC(C)(O)C(NC(=O)N=c1cc2[nH]nc(-c3ccc(N)cc3)c2c[nH]1)c1ccccc1,1,-5.3055892,-5.3056,8.9227886,8.9228,4
27.9572,28.0376,-27.9994,0.0002987,Clc1ccc(C2CC(c3ccc4c(c3)Sc3ccccc3N4)=NO2)cc1,1,-11.6217384,-11.6217,8.9227886,8.9228,4
36.6156,36.4684,771.6440,6.3133781,O=C1NC(=S)NC(=O)C1=CC=Cc1cc(-c2cccc(Br)c2)oc1C(F)(F)F,1,4.4670725,4.4671,8.9227886,8.9228,4
39.4103,39.3585,186.9808,1.7682760,COc1ccnc(-n2ncc(C(=O)N3CCC3(C)C(=O)NCc3ccc(Cl)cc3Cl)c2C)c1,1,0.3504286,0.3504,8.9227886,8.9228,4
43.2529,43.3004,386.1978,3.3554542,CC12CN(C(=O)CCCCCC3CCSS3)CCC1(c1cccc(O)c1)CN(C1CCCC1)C2,1,1.2618334,1.2618,8.9227886,8.9228,4
27.9789,27.9413,792.7153,6.4113799,Cc1[nH]c(C(=O)Nc2ccc3nc[nH]c3c2)c(Cl)c1Cl,1,4.6068325,4.6068,8.9227886,8.9228,4
36.4682,36.2785,-36.2402,0.0002987,CC(C(=O)OC(C)(C)C)N(Cc1ccc(-c2ccco2)s1)S(=O)(=O)c1ccc([N+](=O)[O-])cc1,1,-3.1989255,-3.1989,8.9227886,8.9228,4
29.3165,29.3256,919.8918,7.4157605,O=C(C=Cc1cccnc1Sc1ccccc1)N1CC1,1,6.1632643,6.1633,8.9227886,8.9228,4
28.4033,28.5653,623.3485,5.0930765,CCCCOc1nccnc1C#Cc1ccc(CCC(C)NC(C)=O)cc1,1,2.9070988,2.9071,8.9227886,8.9228,4
20.4985,20.4264,901.5918,7.2032669,Cc1cccc(=NC(=O)Nc2cccc3c2C2CCCCN2C3=O)[nH]1,1,5.8151164,5.8151,8.9227886,8.9228,4
26.9793,27.0727,669.2207,5.4397920,O=C(CCC1CCCO1)N1CCCC(N2CCN(c3cccc(C(F)(F)F)c3)CC2)C1,1,3.3163776,3.3164,8.9227886,8.9228,4
31.6659,31.7204,-31.6821,0.0002987,CN(C)C(=O)C1Sc2ccccc2-n2c1nc(C(=O)NCc1ccc(F)cc1)c2C=O,1,-0.8509417,-0.8509,8.9227886,8.9228,4
48.6002,48.5225,-48.4842,0.0002987,CCc1c(C2CN(C3CCN(Cc4ccc(Br)o4)CC3)C(=O)O2)c2ccc(Br)cc2n(O)c1=O,1,-21.0255184,-21.0255,8.9227886,8.9228,4
29.4433,29.5205,938.9840,7.5664420,Cc1ccc(S(=O)(=O)N2CCCC(C(=O)OCCn3nc(C)cc3C)C2)cc1,1,6.4162726,6.4163,8.9227886,8.9228,4
24.5919,24.6238,340.4639,2.8522476,COCC(C)NC(=O)c1cc(-c2ccc(OC)c(OC)c2)nc2ccccc12,1,0.9117460,0.9117,8.9227886,8.9228,4
34.3163,34.3866,-34.3484,0.0002987,NCCCC(NC(=O)C(Cc1ccc(C2=NCCN2)cc1)=NC(=O)CCc1cccs1)C(N)=O,1,-0.7466975,-0.7467,8.9227886,8.9228,4
33.1291,33.0102,840.4712,6.8240734,CC(=NNS(=O)(=O)c1c(F)cccc1F)c1ccc(S(=O)(=O)N2CCSCC2)cc1,1,5.2189937,5.2190,8.9227886,8.9228,4
18.6987,18.7809,974.5611,7.7604849,CCOC(=O)C1C(C)=NC(=O)NC1c1cc(OC)ccc1OC,1,6.7495856,6.7496,8.9227886,8.9228,4
28.8177,28.7402,-28.7020,0.0002987,CCN(CC)CC(O)Cn1cc(-c2ccc(C(F)(F)F)cc2)nc1-c1ccccc1,1,-3.5590246,-3.5590,8.9227886,8.9228,4
18.5930,18.8596,892.6232,7.1209592,CCCCNCCc1ccc(Cl)c(Cl)c1,1,5.6829834,5.6830,8.9227886,8.9228,4
29.3850,29.3461,-29.3078,0.0002987,O=C(C=Cc1ccc(CO)cc1)Nc1cccc(-c2cccc(-c3nc4ccccc4[nH]3)c2)c1,1,-13.8185749,-13.8186,8.9227886,8.9228,4
23.3439,23.2594,774.2623,6.2306382,CCOc1ccccc1NC(=O)Nc1c(CC)cccc1CC,1,4.3507533,4.3508,8.9227886,8.9228,4
30.4373,30.4269,-30.3886,0.0002987,CCOC(=O)N1CCN(C(=O)c2cnc3[nH]c(=O)n(CCc4ccccc4)c(=O)c3c2)CC1,1,-1.0103655,-1.0104,8.9227886,8.9228,4
24.0138,24.3177,983.2040,7.8712637,CC(C)n1ccc2[nH]c(C(=O)O)cc21,1,6.9436579,6.9437,8.9227886,8.9228,4
21.9328,22.0684,961.3348,7.6828376,CC(=O)N1N=C(c2cccc(N)c2)CC1c1ccccc1,1,6.6151958,6.6152,8.9227886,8.9228,4
30.4543,30.4874,742.4268,6.0383923,CCC=CCCCCCCCC(C)(O)C(=O)Nc1ccccc1,1,4.0864110,4.0864,8.9227886,8.9228,4
23.5047,23.5215,668.7129,5.4080809,O=C(O)Cn1ccc2cc(-c3cccc(C(F)(F)F)c3)ccc21,1,3.2778249,3.2778,8.9227886,8.9228,4
51.8131,52.0611,763.3055,6.3700512,CCOC1=NC2(C1)CC1C3CC3CC13CC(C)CCC23C,1,4.5476313,4.5476,8.9227886,8.9228,4
27.3219,27.4646,649.0752,5.2854671,CCCCCCCCCCOC(=O)C=Cc1ccc(O)c([N+](=O)[O-])c1,1,3.1308780,3.1309,8.9227886,8.9228,4
39.2370,39.4190,-39.3808,0.0002987,COc1ccc(CN2C(=O)N(CC(O)C(Cc3ccccc3)NC(=O)OC(C)(C)C)c3ccccc3N(C(C)C)C(=O)C2CC(C)C)cc1,1,0.0000000,0.0000,8.9227886,8.9228,4
34.8260,34.5598,-34.5215,0.0002987,CC(=O)c1c(-c2ccc(C(C)C)cc2)n(S(=O)(=O)c2ccc(N)cc2)c2ccccc12,1,-2.0240185,-2.0240,8.9227886,8.9228,4
25.0394,25.0333,927.4520,7.4412915,O=c1[nH]c(O)c(C=Nc2ncccc2Br)c(=O)[nH]1,1,6.0299335,6.0299,9.1829901,9.1830,5
22.5454,22.6510,961.5500,7.6890704,COc1ccc(Cn2nnnc2-c2ccccc2Cl)cc1,1,6.4381866,6.4382,9.1829901,9.1830,5
32.1238,32.1375,428.2708,3.5969391,CCc1ccc(N2C(=O)C(Oc3ccccc3)C(=N)C(C#N)C23C(=O)Nc2ccccc23)cc1,1,1.4089061,1.4089,9.1829901,9.1830,5
36.2103,35.9783,801.8756,6.5457335,O=C(N1CCCCO1)C12CCCC(C1)N(Cc1ccccc1F)CC2,1,4.6658688,4.6659,9.1829901,9.1830,5
35.8055,35.8350,873.1661,7.1015711,CNCC(NC(=O)CCNC(=O)c1cccc2c(=O)c3cccc(F)c3[nH]c12)C(C)C,1,5.4919271,5.4919,9.1829901,9.1830,5
21.6184,21.4238,832.9695,6.6749478,COc1cc2[nH]cc(C(=O)c3cc(OC)c(OC)c(OC)c3)c2cc1OC,1,4.8518977,4.8519,9.1829901,9.1830,5
30.2317,29.9444,-29.9056,0.0003030,COc1ccc(C(=O)N2CCCC2)cc1S(=O)(=O)N1CC2CC(C1)c1cccc(=O)n1C2,1,-1.4837086,-1.4837,9.1829901,9.1830,5
22.9818,22.8943,714.6891,5.7623707,CC(=O)Nc1ccc(S(=O)(=O)NC(=O)c2ccc(Br)cc2)cc1,1,3.6159155,3.6159,9.1829901,9.1830,5
27.6605,27.8484,823.0208,6.6474156,CC(CCCCc1ccccc1)C(=O)Nc1cccc2[nH]cnc12,1,4.8119550,4.8120,9.1829901,9.1830,5
26.6553,26.5232,905.2500,7.2794780,COc1ccccc1-c1ccc2ncnc(N3CCC(N(C)C)C3)c2c1,1,5.7705388,5.7705,9.1829901,9.1830,5
35.4349,35.5229,880.0026,7.1525437,COCC(C)N(C(=O)c1ccccc1)c1nccc2cc(C(=O)O)ccc12,1,5.5710483,5.5710,9.1829901,9.1830,5
23.9162,23.8471,-23.8083,0.0003030,O=c1c(C2=NS(=O)(=O)c3ccccc3N2)c(O)c2ccccc2n1Cc1cccs1,1,-0.4303696,-0.4304,9.1829901,9.1830,5
24.9390,24.8988,-24.8601,0.0003030,COc1cc2c3c(c1)Cc1cc(O)ccc1CC3NCC2,1,0.0000000,0.0000,9.1829901,9.1830,5
30.7449,30.5488,698.1511,5.6929675,COc1cc(O)c(C(=O)c2ccc(C(C)C)cc(=O)c2O)c(OC2CC2)c1,1,3.5293384,3.5293,9.1829901,9.1830,5
20.0412,20.1782,735.9679,5.9073916,CCS(=O)(=O)c1ccc(CC(=O)N=c2[nH]c(-c3ccc(Cl)cc3)cs2)cc1,1,3.8002083,3.8002,9.1829901,9.1830,5
34.6279,34.6258,753.7509,6.1591931,CCc1cccc(C)c1NC(=O)C=CC1=C(Br)c2ccc(Br)cc2CC1,1,4.1310792,4.1311,9.1829901,9.1830,5
25.5816,25.4922,981.0491,7.8636046,N#CC1CC2CCCC2N1C(=O)CC(N)Cc1cc(F)cc(F)c1,1,6.7337847,6.7338,9.1829901,9.1830,5
22.0079,21.9904,949.7920,7.5920498,N#Cc1cn(Cc2ccc(Cl)c(Cl)c2)cc(O)c1=O,1,6.2767377,6.2767,9.1829901,9.1830,5
19.7585,19.7261,810.9535,6.4896840,O=C1Nc2ccccc2C1=Cc1ccc(OCc2ccccc2)cc1,1,4.5863056,4.5863,9.1829901,9.1830,5
20.2824,20.3495,975.0135,7.7762731,Nc1ccccc1NC(=S)NCCc1ccccc1,1,6.5850472,6.5850,9.1829901,9.1830,5
29.6602,29.4114,-29.3727,0.0003030,Cc1cccc(CN(c2cccc(OCCN3CCCC3)c2)c2ccc3ncc(-c4cnn(C)c4)nc3c2)n1,1,-11.9784460,-11.9784,9.1829901,9.1830,5
34.3218,34.7062,752.2795,6.1483261,CCc1ccc(NS(=O)(=O)c2c[nH]ccc2=NC(C(O)=NO)C(C)C)cc1,1,4.1165147,4.1165,9.1829901,9.1830,5
22.0433,22.0250,967.6255,7.7316450,COc1ccc(CNCc2ccc(Br)cc2)cc1O,1,6.5096807,6.5097,9.1829901,9.1830,5
27.9559,28.1638,988.7285,7.9444714,COC(=O)C1(Cc2ccccc2)CCCN(C(=O)C2CCCO2)C1,1,6.8729930,6.8730,9.1829901,9.1830,5
35.6553,35.3696,-35.3308,0.0003030,COc1cc2[nH]c(N3CCC(CCN4C5CCC4CC(n4c(C)nc6c4CCN(C(C)=O)C6)C5)(c4ccccc4)CC3)nc(=N)c2cc1OC,1,-29.7146339,-29.7146,9.1829901,9.1830,5
17.8664,17.8701,923.0447,7.3508969,C=CCNC(=S)NN=Cc1ccc(OC)cc1,1,5.8843236,5.8843,9.1829901,9.1830,5
36.9016,36.6169,-36.5781,0.0003030,NC(=O)c1ccc(C(=O)Nc2cccc(S(=O)(=O)c3ccc(O)c4ncccc34)c2)cc1,1,-6.2342472,-6.2342,9.1829901,9.1830,5
22.1150,22.1838,794.5677,6.3808719,Cc1ccc(CNC(=O)CCc2c(C)nc3c(c(C)nn3-c3ccc(C)cc3)c2C)cc1,1,4.4337983,4.4338,9.1829901,9.1830,5
40.3401,40.3094,726.4910,5.9906284,CCC(c1c[nH]c2ccccc12)c1c(OC(C)=O)c2ccccc2c2c1[nH]c1ccccc12,1,3.9080548,3.9081,9.1829901,9.1830,5
25.8213,25.8101,-25.7714,0.0003030,O=C(C1=CC=CN2CCS(=O)(=O)N=C12)N1CCN(c2nc3ccccc3s2)CC1,1,-12.2696495,-12.2696,9.1829901,9.1830,5
20.8046,20.8264,849.8522,6.8021766,O=C(Nc1cccnc1)Nc1cc(Cl)ccc1Cl,1,5.0386209,5.0386,9.1829901,9.1830,5
26.0379,25.7795,-25.7407,0.0003030,COc1ccc(C=C2COc3cc(OC)c(OC)cc3OC2=O)cc1OC,1,0.0000000,0.0000,9.1829901,9.1830,5
26.3881,26.2315,798.1353,6.4403651,O=C(Oc1ccc(O)c(C(=O)C=Cc2ccccc2)c1)c1ccccc1,1,4.5168624,4.5169,9.1829901,9.1830,5
27.5174,27.1845,538.5933,4.4201392,COc1ccccc1C(=O)NCCc1ccc(S(=O)(=O)NC(=O)Nc2ccc(Cl)cc2)cc1,1,2.1275892,2.1276,9.1829901,9.1830,5
48.4001,48.2219,-48.2219,0.0000000,C1C2N(Cc3ccccc3)C3Cc4c5c(c(OC)cc4)OC1C55CCC(OC)(CC3)C(COCc1ccc(C(N(C)CCC)=O)cc1)C2O4,0,0.0000000,0.0000,0.0000000,0.0000,5
25.5366,25.7487,860.7275,6.9255959,O=C(COC(O)c1cc(O)n(Cc2cccs2)c1)NCCc1ccccc1,1,5.2231221,5.2231,9.1829901,9.1830,5
21.5920,21.7456,964.0855,7.7018055,CCN1C(=O)c2ccccc2NC1c1cccs1,1,6.4595308,6.4595,9.1829901,9.1830,5
29.3399,29.4086,-29.3698,0.0003030,Cc1ncc(NC(=O)c2cc(NC(=O)c3ncccc3C3CC3)ccc2C)s1,1,-5.2704229,-5.2704,9.1829901,9.1830,5
29.0240,28.8644,-28.8256,0.0003030,CCN(CC)S(=O)(=O)c1ccc(NC(=O)c2ccc(C(C)(C)C)cc2)c(C(=O)O)c1,1,-19.0182514,-19.0183,9.1829901,9.1830,5
24.2301,24.2172,-24.1784,0.0003030,COc1ccc(C=C2CN(C(=O)CCSCCO)CC(=Cc3ccc(SC)cc3)C2=O)cc1,1,-5.3937092,-5.3937,9.1829901,9.1830,5
28.3336,28.3420,-28.3032,0.0003030,CC(C)CN=c1[nH]cnc2sc(C(=O)Nc3cccc(CN4CCN(C)CC4)c3)cc12,1,-5.2337098,-5.2337,9.1829901,9.1830,5
38.0177,37.8968,878.3738,7.1583645,Cc1nc2nc(C)c(CN(C)CC(C)C)n2c(C)c1CC(=O)N(C)C(C)C,1,5.5801196,5.5801,9.1829901,9.1830,5
38.5225,38.4083,353.8826,3.0647723,CCCCSc1ccc(Oc2ccc(Br)cn2)c(NC(=O)CCCC)c1,1,1.0228509,1.0229,9.1829901,9.1830,5
41.6017,41.4188,806.8970,6.6274676,C[N+]1(C)CCCC1=C(Oc1ccccc1)C(=O)Nc1ccccc1F,1,4.7831182,4.7831,9.1829901,9.1830,5
20.7746,20.8758,880.8616,7.0448230,O=C(NC1CCS(=O)(=O)C1)C1CCC1,1,5.4045067,5.4045,9.1829901,9.1830,5
44.7885,44.3125,-44.2737,0.0003030,Cc1nc(-c2cccc3cc(C4=NOC(c5ccc(-c6cccs6)cc5)C4)ccc23)sc1C(=O)O,1,0.0000000,0.0000,9.1829901,9.1830,5
34.5878,34.2997,-34.2609,0.0003030,N#CC1N=C(c2ccc(Cl)c(Cl)c2)C(=NCc2ccc(F)cc2)C(C#N)C1c1ccc(Cl)cc1,1,-2.6699741,-2.6700,9.1829901,9.1830,5
23.3630,23.6889,620.4550,5.0323739,CCC(=C(c1ccccc1)c1ccccc1)c1ccc(OCc2ccccc2)cc1,1,2.7577932,2.7578,9.1829901,9.1830,5
19.2205,19.3719,849.5007,6.7880667,O=C(O)CCc1n[nH]c(=S)[nH]1,1,5.0177393,5.0177,9.1829901,9.1830,5
27.0085,27.0071,1011.5876,8.1140213,O=C(NCC(F)(F)F)N1CCCC1Cc1ccc(O)cc1,1,7.1694884,7.1695,9.1829901,9.1830,5
27.1744,26.9291,-26.8903,0.0003030,O=C(c1ccc(NS(=O)(=O)c2c(Cl)nc3sccn23)cc1)N1CCC(O)(c2cccc(F)c2)CC1,1,-13.2153292,-13.2153,9.1829901,9.1830,5
32.0099,32.1202,951.3651,7.6834795,O=C(O)C(CCc1c[nH]c2cc(F)ccc12)c1cccnc1,1,6.4288273,6.4288,9.1829901,9.1830,5
45.8910,45.5487,-45.5099,0.0003030,O=C(O)CCC(NC(=O)C(CC(=O)O)NC(=O)C(C=Cc1cccs1)CC(=O)N1CCOCC1)C(=O)O,1,-0.6422992,-0.6423,9.1829901,9.1830,5
22.7624,22.7400,-22.7012,0.0003030,O=C(C=Cc1ccc(Cl)c(F)c1)NC1CCC(CN2CCC(c3c[nH]c4ccccc34)CC2)CC1,1,-4.3609138,-4.3609,9.1829901,9.1830,5
31.9508,32.3063,983.4181,7.9353465,Clc1c[nH]c(=Nc2ccccn2)nc1OCC1CCCNC1,1,6.8572135,6.8572,9.1829901,9.1830,5
41.8136,41.7180,328.2157,2.8901069,COc1ccc(C(CC(N)=O)NC(=O)CNC(=O)COCC(=O)Nc2cccc3ccccc23)cc1OC,1,0.9095858,0.9096,9.1829901,9.1830,5
21.2614,21.4645,980.3378,7.8265807,CC(C)(C)NC(=O)CNC(=O)c1ccc(Br)o1,1,6.6705251,6.6705,9.1829901,9.1830,5
22.9027,22.9429,923.4650,7.3938123,COc1ccc(-c2nc3ccccc3n2CCCO)cc1,1,5.9532309,5.9532,9.1829901,9.1830,5
29.6656,29.6571,470.3486,3.9062950,CCC#Cc1ccc(OC)c(C2(c3ccc(OCCO)c(C)c3)N=C(N)N(C)C2=O)c1,1,1.6616745,1.6617,9.1829901,9.1830,5
21.6322,21.8814,996.2229,7.9539399,O=C(COC(=O)c1[nH]nc2ccccc12)Nc1ccccc1,1,6.8893857,6.8894,9.1829901,9.1830,5
23.8963,23.8177,921.1933,7.3828984,O=[N+]([O-])c1ccc(S(=O)(=O)N=c2nc[nH]c3cc4c(cc23)OCO4)cc1,1,5.9356689,5.9357,9.1829901,9.1830,5
26.5396,26.6888,966.2860,7.7576156,c1nc(N2CCCCC2)c2ncn(CC3CCOC3)c2n1,1,6.5534863,6.5535,9.1829901,9.1830,5
35.0928,35.3000,544.3140,4.5282343,CC1(O)CC(O)C(OC2C(CO)OC(O)C(OCCCCCCN)C2O)OC1CO,1,2.2329226,2.2329,9.1829901,9.1830,5
36.9622,37.0522,260.4409,2.3241647,CCCSC(=S)N(C(=S)NC(=O)CCl)C1OCC(OC(C)=O)C(OC(C)=O)C1OC(C)=O,1,0.5882334,0.5882,9.1829901,9.1830,5
32.0889,32.0255,859.7631,6.9670984,COCC(=O)N(c1cccc(C(=O)N2CCOCC2)c1)S(=O)(=O)c1ccc(C)cc1,1,5.2859101,5.2859,9.1829901,9.1830,5
21.1701,21.2833,875.6636,7.0073979,O=C(OCC(=O)N1CCOCC1)c1ccccc1SCC(=O)N1CCCC1,1,5.3472371,5.3472,9.1829901,9.1830,5
42.3939,41.9639,-41.9251,0.0003030,NCc1cccc(NC(=O)CN2CCCCC(NC(=O)c3cccc(=NC(=O)c4ccc(OC(F)(F)F)cc4)[nH]3)C2)c1,1,0.0000000,0.0000,9.1829901,9.1830,5
28.8415,28.7839,782.6436,6.3392773,O=C(CCCN1C(=O)COc2nc(C(F)(F)F)ccc21)Nc1cccc(C(F)(F)F)c1,1,4.3761821,4.3762,9.1829901,9.1830,5
37.1295,36.9050,368.1721,3.1646647,COC12CC=CC(O1)c1c2c(O)n(C#Cc2ccc(F)cc2)c1O,1,1.0906146,1.0906,9.1829901,9.1830,5
32.9381,32.9652,959.3514,7.7524737,CN(C)c1nc2c(nc1C1CC3CC1C3)OCC1COCCN21,1,6.5448017,6.5448,9.1829901,9.1830,5
34.9610,34.9130,623.5356,5.1441304,O=C(O)c1cccc(Cc2cc(Cn3cncn3)cc(C(=O)c3ccccc3)c2)c1,1,2.8816407,2.8816,9.1829901,9.1830,5
33.2560,33.2280,-33.2280,0.0000000,[nH]1c2c(c3c4c([nH]c3cc1=O)c([N+](=O)[O-])ccc4)cccc2,0,0.0000000,0.0000,0.0000000,0.0000,5
35.2167,35.4625,763.4188,6.2412603,Cc1ccccc1-n1ncc2c(N=c3[nH]cccc3-c3cc(C(N)=O)[nH]n3)ncnc21,1,4.2419004,4.2419,9.1829901,9.1830,5
27.0169,26.9761,-26.9373,0.0003030,O=C(O)CNC(=O)Cn1c(-c2ccc(Cl)cc2)cc(-c2ccccc2)c1-c1ccccc1,1,-0.5105161,-0.5105,9.1829901,9.1830,5
27.0478,27.0934,808.9829,6.5318463,Clc1ccc(-c2c[nH]c(COc3ccccc3)n2)cc1Cl,1,4.6460919,4.6461,9.1829901,9.1830,5
29.4552,29.4009,-29.3621,0.0003030,Fc1ccccc1-c1c[nH]c2ccc(-c3nnc(-c4ccccc4)o3)cc12,1,-1.8797657,-1.8798,9.1829901,9.1830,5
21.3517,21.3701,1003.4248,8.0062106,COc1ccc(N2Cc3ccccc3C2=O)cn1,1,6.9802327,6.9802,9.1829901,9.1830,5
30.8369,30.8127,-30.7739,0.0003030,O=[N+]([O-])c1cc(S(=O)(=O)N2CCCCC2)ccc1NCc1cnc2ccccc2n1,1,-5.8277526,-5.8278,9.1829901,9.1830,5
24.2650,24.1776,469.6427,3.8579710,CCC(N=c1[nH]cnc2c(-c3ccccc3)csc12)c1ccccc1,1,1.6208163,1.6208,9.1829901,9.1830,5
42.1208,41.6836,-41.6448,0.0003030,O=C(c1cccc(N2CCCCCC2)c1)N(Cc1cc(C(F)(F)F)cc(C(F)(F)F)c1)Cc1nnc2ccccn12,1,0.0000000,0.0000,9.1829901,9.1830,5
31.7127,31.8391,955.6692,7.7149080,CCN(C)C1CC(C(=O)O)N(Cc2ccc(Br)s2)C1,1,6.4815278,6.4815,9.1829901,9.1830,5
25.0674,25.2276,948.4694,7.6070080,COc1cc(CCC(=O)O)ccc1C(=O)C1CCCC1,1,6.3014956,6.3015,9.1829901,9.1830,5
22.1815,22.1547,818.4351,6.5671081,Cc1ccc(C(=O)OCC(=O)NCc2ccc(F)cc2)cc1S(=O)(=O)N1CCCCC1,1,4.6963906,4.6964,9.1829901,9.1830,5
22.5343,22.4303,947.2597,7.5757032,CC12CCC(O)CC1C(=O)CC(=O)C2,1,6.2497377,6.2497,9.1829901,9.1830,5
33.1579,32.9970,-32.9582,0.0003030,COc1ccc(C(=O)Nc2cccc(OCC(O)CNC(C)C)c2C(=O)c2ccccn2)cc1,1,-5.4094067,-5.4094,9.1829901,9.1830,5
43.1529,42.8683,-42.8295,0.0003030,Cn1c(=Nc2c(F)ccc(NC(=O)c3ccncc3F)c2F)[nH]c2cc(C(=O)Nc3ccc(F)cc3)c(OCCO)cc21,1,-49.4740791,-49.4741,9.1829901,9.1830,5
25.0345,24.9584,861.5977,6.9262196,COc1ccc(C(=O)N=C(Cc2ccco2)C(=O)NCc2cccs2)cc1,1,5.2240629,5.2241,9.1829901,9.1830,5
37.8625,37.8927,877.6525,7.1526964,Cc1cc(C)c(N=C2C(=O)N(C)N=C3CCCC(=O)C32)cc1Cl,1,5.5712862,5.5713,9.1829901,9.1830,5
24.4109,24.2023,764.2988,6.1601645,Cc1ccc(CN(C(=S)Nc2ccccc2C)c2ccccc2)cc1,1,4.1323824,4.1324,9.1829901,9.1830,5
29.5749,29.5013,802.8185,6.5024984,CCc1nnc2sc(Cc3ccc(NS(=O)(=O)O)cc3)nn12,1,4.6044354,4.6044,9.1829901,9.1830,5
31.3158,31.2181,647.8036,5.3048570,Cc1noc(CCCCCCC=CC(=O)c2ncc(-c3ccccn3)o2)n1,1,3.0645256,3.0645,9.1829901,9.1830,5
25.4765,25.5768,681.4796,5.5238782,CSc1ccc(C2CCc3c(C)ccc(C)c3C2)cc1,1,3.3227990,3.3228,9.1829901,9.1830,5
21.1976,21.2976,1032.4938,8.2327451,N=c1c(C(=O)O)c(-c2ccccc2)[nH]n1-c1ccccc1,1,7.3808303,7.3808,9.1829901,9.1830,5
24.4113,24.4067,1004.7901,8.0405998,CC1(C)Oc2ccc(C#N)cc2C(n2cnc3ncccc32)C1O,1,7.0403261,7.0403,9.1829901,9.1830,5
21.9988,22.0629,991.3895,7.9175967,COc1ccc2nc3n(c2c1)C(=O)CSC3,1,6.8265715,6.8266,9.1829901,9.1830,5
28.1718,28.0813,295.2549,2.5260641,Cc1cccc(C(=O)Nc2ccc(S(=O)(=O)C(F)F)cc2)n1,1,0.6948717,0.6949,9.1829901,9.1830,5
40.3399,40.2904,383.1175,3.3078745,COC(=O)C(COC(=O)C1CCCC1)N1CCCC(c2cccc(OCCc3nc(-c4ccccc4)oc3C)c2)C1,1,1.1915545,1.1916,9.1829901,9.1830,5
30.5829,30.5901,722.3653,5.8824637,CC1(O)CC=C2C(C)(CCC3C(C)(C)C(=O)CCC23C)C1C=CC1C(=O)OCC1O,1,3.7682040,3.7682,9.1829901,9.1830,5
23.6383,23.6701,-23.6313,0.0003030,CCc1ccccc1NC(=O)c1ccc2[nH]c(=NC(=O)OC)[nH]c2c1,1,-0.9761476,-0.9761,9.1829901,9.1830,5
23.7814,23.9389,934.1582,7.4851336,Cc1n[nH]c(S(=O)(=O)c2ccc([N+](=O)[O-])cc2)n1,1,6.1011963,6.1012,9.1829901,9.1830,5
27.1087,27.2507,897.4990,7.2246070,CN(Cc1ccc(C(C)(C)C)cc1)CC(F)C(C)(C)O,1,5.7038341,5.7038,9.1508512,9.1509,6
29.9922,29.9969,841.9247,6.8118877,CC(C=Cc1ccc(F)cc1)N(O)C(=O)OCc1ccccc1,1,5.0707645,5.0708,9.1508512,9.1509,6
27.9082,27.7162,-27.6775,0.0003025,NC(=O)c1cc(-c2ccc(Cl)cc2)c2c(n1)CCN(Cc1cc(C(F)(F)F)cc(C(F)(F)F)c1)C2=O,1,-3.3669319,-3.3669,9.1508512,9.1509,6
33.0424,33.1902,918.7288,7.4368668,Cc1ccccc1OCC1CCN(c2ncnc3ccc(N)cc23)CC1,1,6.0439172,6.0439,9.1508512,9.1509,6
23.3536,23.3730,837.3468,6.7243738,CN(C)c1nc(N(C)C)nc(N(C#N)C2CC2)n1,1,4.9413104,4.9413,9.1508512,9.1509,6
28.9742,29.0048,824.7576,6.6700191,COc1ccc(C(=O)C=Cc2ccc3c(c2)C(=O)CC3(C)C)cc1,1,4.8617501,4.8618,9.1508512,9.1509,6
29.0403,29.3392,909.3146,7.3332329,Fc1ccc(N2CCN(CC3NCCS3)CC2)cc1F,1,5.8766441,5.8766,9.1508512,9.1509,6
21.3139,21.4705,1004.8907,8.0184469,COc1cccc(Cn2c(=O)[nH]c3ncccc32)c1,1,7.0261755,7.0262,9.1508512,9.1509,6
34.1255,34.0806,898.4243,7.2851939,CCOC(=O)C1CCCN1C(=O)N(C)N=Cc1cccc(OC)c1,1,5.7999034,5.7999,9.1508512,9.1509,6
43.5203,43.8598,879.7073,7.2153673,CCC(C)C1CC(=O)C2(C(=O)OC)CCCN(C(=O)c3ccccc3)C12,1,5.6892543,5.6893,9.1508512,9.1509,6
29.7945,29.8499,625.6464,5.1210651,COc1ccccc1C=CCn1c2c(c3cc(O)ccc3c1=O)C(=O)c1ccccc1-2,1,2.8658869,2.8659,9.1508512,9.1509,6
28.5832,28.5030,-28.4643,0.0003025,O=C1COCCN1c1ccc(-c2c(C=Cc3ccc4ccccc4n3)nc3c(N4CCOCC4)ccnn23)cc1,1,-18.3942699,-18.3943,9.1508512,9.1509,6
22.8422,23.1431,664.1892,5.3697834,CCCCCCCCCCN1CCC2(CC1)OC(=O)c1ccccc12,1,3.1510260,3.1510,9.1508512,9.1509,6
22.7242,22.7452,701.5520,5.6585717,CN1C2CCC1CC(=NOC(c1ccc(Br)cc1)c1ccccc1Br)C2,1,3.4990656,3.4991,9.1508512,9.1509,6
19.5808,19.5988,793.5845,6.3529944,O=C(Nc1ccccc1Cl)Nc1ccc(Cl)cc1Cl,1,4.4105773,4.4106,9.1508512,9.1509,6
28.5102,28.4588,525.2315,4.3257060,CCN(CC)S(=O)(=O)c1ccc(N2CCSCC2)c(NC(=O)C2CCC2)c1,1,2.0448074,2.0448,9.1508512,9.1509,6
30.3120,30.3611,921.8459,7.4391170,N#Cc1cc2sccc2cc1-n1ccnc1,1,6.0475750,6.0476,9.1508512,9.1509,6
28.4582,28.7582,869.0634,7.0142312,CN=c1[nH]c2cc(Oc3ccnc4ccccc34)ccc2s1,1,5.3764882,5.3765,9.1508512,9.1509,6
26.3320,26.4248,-26.3860,0.0003025,COc1ccccc1OCC(=O)Nc1ccc(S(=O)(=O)N2CCCCCCC2)cc1,1,0.0000000,0.0000,9.1508512,9.1509,6
27.8328,28.2350,955.4767,7.6852484,CCCCS(=O)(=O)N1CCCC(C(=O)NCC(F)(F)F)C1,1,6.4543762,6.4544,9.1508512,9.1509,6
27.6096,27.5844,840.4710,6.7816830,CC(=NNC(=O)Nc1ccc(C)cc1)c1c(O)[nH]c(=O)n(C)c1=O,1,5.0258946,5.0259,9.1508512,9.1509,6
20.1956,20.3054,996.1870,7.9413466,Cc1c(N)n(CC2CCCCC2)c(=O)[nH]c1=O,1,6.8917055,6.8917,9.1508512,9.1509,6
32.2003,31.9532,846.6907,6.8644047,CC(C)(C)N1C(=O)C(=NS(=O)(=O)c2cccc(Cl)c2Cl)c2ccccc21,1,5.1492524,5.1493,9.1508512,9.1509,6
18.7448,18.8995,1011.4709,8.0497684,O=C1CCC(c2ccc(Cl)cc2Cl)=NN1,1,7.0811734,7.0812,9.1508512,9.1509,6
30.5711,30.4849,938.1981,7.5678358,COc1ccc(Cn2c(=O)[nH]n(CNc3cccc(Cl)c3)c2=O)cc1,1,6.2586670,6.2587,9.1508512,9.1509,6
23.0108,23.1616,995.4373,7.9578037,Cc1ccccc1C1(C(C)C)NC(=O)NC1=O,1,6.9202995,6.9203,9.1508512,9.1509,6
21.9424,22.2316,992.7131,7.9292560,Cc1cc[nH]c(=NC(=O)c2ccccc2NC(=O)c2ccccc2)c1,1,6.8707371,6.8707,9.1508512,9.1509,6
35.0726,35.2215,940.5371,7.6231141,CC1C2CCC(C3C2c2ccccc2[S+]3[O-])N1C,1,6.3504324,6.3504,9.1508512,9.1509,6
33.1434,33.0162,701.2296,5.7362947,COc1ccc(C2=NN(C(C)=O)C3COC(c4cccs4)C23)cc1OC,1,3.5958486,3.5958,9.1508512,9.1509,6
24.7080,24.5846,905.3021,7.2647400,Cc1cccc(N(CC(=O)NCCSc2ccc(F)cc2)S(C)(=O)=O)c1,1,5.7673812,5.7674,9.1508512,9.1509,6
23.4142,23.4419,703.9373,5.6826496,O=C(CN1C(=O)CCn2nc(-c3ccccc3)cc21)N1CCN(c2ccccc2)CC1,1,3.5289068,3.5289,9.1508512,9.1509,6
33.4444,33.5360,883.4160,7.1636872,O=C(CNCCc1ccc(Cl)cc1)c1c(O)ccc2[nH]c(=O)sc12,1,5.6080480,5.6080,9.1508512,9.1509,6
29.6338,29.7004,766.6291,6.2213240,ON=C(O)CCCCCn1nnc(C(O)c2ccc(OC(F)(F)F)cc2)n1,1,4.2296467,4.2296,9.1508512,9.1509,6
26.2908,26.3286,795.5766,6.4211345,CC(C)Cc1nc2ccc(C(N)=O)cc2c(-c2cccc(F)c2)c1CN,1,4.5056973,4.5057,9.1508512,9.1509,6
22.3137,22.3169,658.9579,5.3224597,CC1(C)CC(NC(=O)Nc2ccc3[nH]ncc3c2)c2cc(F)ccc2O1,1,3.0957308,3.0957,9.1508512,9.1509,6
27.2292,27.2035,-27.1647,0.0003025,CCOc1ccc(N(CC(=O)NC(C)(C)C)C(=O)C[S+]([O-])CC(=O)Nc2ccccc2OC)cc1,1,-0.2247049,-0.2247,9.1508512,9.1509,6
47.6476,47.8152,197.1653,1.9139099,CCOC(=O)c1ccc(NC(=O)CN(C)C(=O)CN2C(=O)N(C)C3(N=C(C)CC3c3ccccc3)C2=O)cc1,1,0.4002962,0.4003,9.1508512,9.1509,6
29.1669,28.9548,-28.9161,0.0003025,COc1cc(-c2cccc(Oc3ccccc3)c2)c(F)cc1-n1c(=O)ccc2cc(S(=O)(=O)N=c3[nH]cco3)ccc21,1,-29.0438156,-29.0438,9.1508512,9.1509,6
30.3815,31.0818,842.5149,6.8249745,c1ccc2cc(CCCCN3CCN(CCN4CCOCC4)CC3)ccc2c1,1,5.0902662,5.0903,9.1508512,9.1509,6
32.7174,32.8147,845.3181,6.8604126,CCSc1noc2cc(-c3cccc(O)c3)[nH]c(=N)c12,1,5.1432648,5.1433,9.1508512,9.1509,6
33.6663,33.6821,699.7617,5.7300296,FC(F)(F)CCN(CCN=c1cc[nH]c2cc(Cl)ccc12)C1Cc2ccccc2C1,1,3.5879982,3.5880,9.1508512,9.1509,6
24.0687,23.8787,-23.8400,0.0003025,O=C(c1cccc(F)c1)N1CCC2(CC1)CCN(c1ccc(F)cc1)C2=O,1,-10.6831350,-10.6831,9.1508512,9.1509,6
36.7699,36.6352,848.8008,6.9174685,CCOC(=O)c1cc(N=c2nc(OC)[nH]c(OC3CCCC3C)n2)ccc1Cl,1,5.2291718,5.2292,9.1508512,9.1509,6
26.2728,26.1190,977.4791,7.8406100,CCOC(=O)c1ccc(C)c(N=c2[nH]c(C(F)(F)F)cc(=O)[nH]2)c1,1,6.7179728,6.7180,9.1508512,9.1509,6
22.2795,22.2058,856.3182,6.8634686,COc1ccc(O)c(C=Nc2ccc(C3=NNC(=O)CC3)cc2)c1,1,5.1478486,5.1478,9.1508512,9.1509,6
34.5285,34.5979,861.7327,7.0025826,CN1C(=O)C(=CC(=O)c2ccccc2)OC(C(=O)C(C)(C)C)C1=O,1,5.3586450,5.3586,9.1508512,9.1509,6
44.0793,44.1660,600.5652,5.0369620,C=C(COC(=O)c1ccc(F)cc1)CC(C)CCC(C)C1CC2OC(C)(C)OC2O1,1,2.7725275,2.7725,9.1508512,9.1509,6
23.5633,23.7490,971.7090,7.7770157,Cc1cc(C)n(CC2CCCN2Cc2c(C)[nH][nH]c2=O)n1,1,6.6094360,6.6094,9.1508512,9.1509,6
22.7766,22.9219,920.5096,7.3705583,O=C(CCc1nc(=O)c2ccccc2[nH]1)OCC(=O)c1ccccc1Cl,1,5.9366207,5.9366,9.1508512,9.1509,6
20.6688,20.7663,950.7704,7.5901303,COc1ccc(C(O)CCN(C)Cc2ccccc2)cc1,1,6.2955971,6.2956,9.1508512,9.1509,6
24.8215,24.7356,911.0558,7.3108697,O=C1CC(C(=O)Nc2ccc(F)c(F)c2F)C2(CCCC2)O1,1,5.8408575,5.8409,9.1508512,9.1509,6
27.9321,27.7402,-27.7015,0.0003025,CCCc1c(OCCCOc2ccc(-c3nn[nH]n3)cc2)ccc2nc(Cc3ccccc3)[nH]c12,1,-4.9657855,-4.9658,9.1508512,9.1509,6
21.5458,21.8670,854.4784,6.8464484,Cc1c[nH]c2c1c(=O)n(C)c(=O)n2C,1,5.1223488,5.1223,9.1508512,9.1509,6
21.0099,21.4480,981.7404,7.8374095,O=C1C(Cc2ccccc2)NCC2CCCN12,1,6.7124891,6.7125,9.1508512,9.1509,6
32.2599,31.7848,-31.7461,0.0003025,O=S(=O)(c1ccc(-n2nc(C3CC3)cc2C2CC2)cc1)N1CCC(Nc2ccccc2)CC1,1,-2.1287448,-2.1287,9.1508512,9.1509,6
23.9096,24.0230,914.7480,7.3341479,O=c1c2ccc(Cl)cc2oc2ccc([N+](=O)[O-])cc12,1,5.8781118,5.8781,9.1508512,9.1509,6
34.0852,33.8268,869.0032,7.0533590,CCN(CC)CCOc1ccc2c(c1)CCC2CC(=O)N=c1[nH]ccs1,1,5.4366393,5.4366,9.1508512,9.1509,6
25.0600,25.0908,959.5450,7.6924672,O=C1Oc2ccc3ccccc3c2C2c3ccccc3CC12,1,6.4665070,6.4665,9.1508512,9.1509,6
33.7778,33.3549,364.5507,3.1086376,CCc1cc(C2OC(=N)C(C#N)C(c3ccc(O)cc3)C2[N+](=O)[O-])c(C)cc1O,1,1.0560358,1.0560,9.1508512,9.1509,6
27.2091,27.2941,965.1024,7.7530980,COc1cc(Cl)cc2c(=O)n(C)sc12,1,6.5688457,6.5688,9.1508512,9.1509,6
55.9457,55.6010,-55.5623,0.0003025,COC(=O)COc1ccc(N=c2[nH]c(=O)n(Cc3cccc(N=NN(C)C)c3Cl)c(=O)n2CCC(C)C)cc1Cl,1,-15.0124159,-15.0124,9.1508512,9.1509,6
21.6515,21.5746,437.8446,3.5892131,CCOc1ccc2[nH]c(C)c(-c3ccc(OC)cc3)c(=O)c2c1,1,1.4077871,1.4078,9.1508512,9.1509,6
22.1588,22.3234,1018.2862,8.1297626,COC(=O)c1ccccc1NC(=O)c1ccno1,1,7.2226110,7.2226,9.1508512,9.1509,6
26.8965,27.2697,-27.2310,0.0003025,Clc1ccccc1-c1cc(N2CCCCCC2)n[nH]1,1,0.0000000,0.0000,9.1508512,9.1509,6
36.1633,36.0102,-35.9715,0.0003025,CCOC(=O)c1cn(Cc2cc(F)ccc2F)c2sc(Cc3ccc(Cl)cc3Cl)cc2c1=O,1,-4.9817381,-4.9817,9.1508512,9.1509,6
27.0154,26.7952,423.7889,3.5201886,Cc1ccc(C)c(NC(=O)NC(=O)NC2CCS(=O)(=O)C2)c1,1,1.3541610,1.3542,9.1508512,9.1509,6
21.0813,21.2587,992.0349,7.9163556,Cc1ccc(-n2nc(C)c3c(=O)oc(C)nc32)cc1,1,6.8483982,6.8484,9.1508512,9.1509,6
30.4686,30.5811,867.9142,7.0194945,COc1ccc(CCNCC2COc3nc([N+](=O)[O-])cn3C2)cc1,1,5.3845601,5.3846,9.1508512,9.1509,6
24.1571,24.0780,947.9299,7.5938115,CCOc1ccc(-c2nnnn2-c2ccc(C(=O)OC)cc2)cc1,1,6.3017058,6.3017,9.1508512,9.1509,6
27.8184,27.9348,866.9537,6.9913163,Cc1ccc(O)c(-c2cc(=NCc3ccccc3)[nH]c(=NCC3CCCO3)[nH]2)c1,1,5.3414159,5.3414,9.1508512,9.1509,6
42.1198,41.9628,-41.9241,0.0003025,C=CCNc1ccc(-n2c(=O)[nH]c3cnc(C)cc3c2=O)c(Oc2ccccc2)c1,1,-0.6315246,-0.6315,9.1508512,9.1509,6
23.7942,23.9404,705.2910,5.6971202,Cc1ccc(S(=O)(=O)c2cnc3ccc([N+](=O)[O-])cc3c2N2CCOCC2)cc1,1,3.5469019,3.5469,9.1508512,9.1509,6
24.7857,24.6856,945.9449,7.5830507,O=C(Oc1ccc2nc3n(c(=O)c2c1)CCCC3)N1CCCC1,1,6.2838588,6.2839,9.1508512,9.1509,6
22.1101,22.1114,712.6137,5.7400398,COc1ccc(S(=O)(=O)Nc2ccc(S(=O)(=O)N3CCCCC3)cc2)cc1,1,3.6005452,3.6005,9.1508512,9.1509,6
19.5553,19.7568,928.6801,7.4096632,Nc1ccccc1NC(=O)C=Cc1ccc([N+](=O)[O-])cc1,1,5.9997811,5.9998,9.1508512,9.1509,6
25.1553,25.2114,700.3589,5.6685176,CS(=O)(=O)C(=Cc1ccc(Cl)c([N+](=O)[O-])c1)C(=O)c1ccc(Br)cc1,1,3.5113773,3.5114,9.1508512,9.1509,6
27.1409,27.3648,893.4269,7.1936851,CC1CCc2[nH]c(=NC(=O)C(C)Sc3nnnn3C)sc2C1,1,5.6551142,5.6551,9.1508512,9.1509,6
21.0993,21.3143,1011.4053,8.0681219,CCOc1ccc2[nH]cc(CC(=O)O)c2c1,1,7.1135001,7.1135,9.1508512,9.1509,6
30.2995,30.3140,780.1112,6.3314466,Cc1csc2ncnc(N3CCN(C(=O)OCc4ccccc4F)CC3)c12,1,4.3807087,4.3807,9.1508512,9.1509,6
28.0048,27.7936,742.6855,6.0193677,CCOc1ccc(Oc2nc(=NC(C)(C)C)[nH]c(=NCc3ccccc3)[nH]2)nn1,1,3.9594991,3.9595,9.1508512,9.1509,6
42.6057,42.7898,790.1112,6.5070391,CC(C)Cc1ccc(CCC(C)NC(C)CC2NCCC(=O)C2=O)cc1,1,4.6270623,4.6271,9.1508512,9.1509,6
26.8430,26.9241,936.8035,7.5291219,O=[N+]([O-])c1ccc2c(c1)CC([N+](=O)[O-])S2,1,6.1947980,6.1948,9.1508512,9.1509,6
29.1336,29.1396,679.5889,5.5369415,Cc1ccc(C#Cc2ncccc2C(F)(F)C(F)(F)F)cc1,1,3.3502586,3.3503,9.1508512,9.1509,6
24.0158,24.0223,971.7228,7.7792587,CC(=O)C1=C(C)C(=O)C2(O1)C(=O)c1ccccc1C2=O,1,6.6132498,6.6132,9.1508512,9.1509,6
36.3697,36.0306,-35.9919,0.0003025,COc1ccc(CC2(O)CCC(NC(=O)c3ccc4[nH]nc(-c5ccc(OC6CCN(C)CC6)cc5F)c4c3)CC2)cc1,1,-40.9293709,-40.9294,9.1508512,9.1509,6
26.1892,25.7381,804.2838,6.4845462,Oc1ccc(O)c(CNc2ccc(OCc3ccc(F)cc3)c(Cl)c2)c1,1,4.5951285,4.5951,9.1508512,9.1509,6
28.0078,28.0239,241.7199,2.1073735,CCC1(N)CCN(c2ccc[nH]c2=NC(=O)c2nc(-c3c(F)ccc(OC)c3F)nn2C)CC1,1,0.4853124,0.4853,9.1508512,9.1509,6
23.7118,23.7786,932.7049,7.4725270,Cc1cc(Oc2ccc(=O)[nH]c2)nc(=N)[nH]1,1,6.1020184,6.1020,9.1508512,9.1509,6
26.3092,26.3884,873.2361,7.0283160,O=C(CCC(=O)NCCc1ccc(Cl)cc1)N=c1[nH]nc(C2CCC2)s1,1,5.3981013,5.3981,9.1508512,9.1509,6
23.3240,23.2536,950.1718,7.6048856,COc1ccc2c(c1)NC(C#N)C(=N)O2,1,6.3200994,6.3201,9.1508512,9.1509,6
23.3077,23.6072,963.7692,7.7138786,O=c1[nH]ccc2[nH]c(CCCC3CCCCC3)cc12,1,6.5025563,6.5026,9.1508512,9.1509,6
20.0014,20.0139,800.5103,6.4103456,Clc1ccc(-c2nc(CNCc3cccnc3)co2)c(Cl)c1,1,4.4905691,4.4906,9.1508512,9.1509,6
22.9770,23.2239,911.2460,7.3005462,O=C(NCCS(=O)(=O)N1CCN(c2ncccn2)CC1)c1ccc(Cl)cc1,1,5.8243732,5.8244,9.1508512,9.1509,6
28.0638,28.5867,887.3137,7.1554718,CCOC(C)(C)CCCCCCN(C)C,1,5.5951920,5.5952,9.1508512,9.1509,6
26.0278,25.9692,-25.9305,0.0003025,CCOc1ccc(S(=O)(=O)N2CCOCC2)cc1-c1nc2cc(C(F)(F)F)ccc2[nH]1,1,-6.9086876,-6.9087,9.1508512,9.1509,6
28.8878,29.0021,-28.9634,0.0003025,C=C1CC23CCN(CC4CC4)C(Cc4ccc(NCc5ccccc5)cc42)C3(O)C1,1,0.0000000,0.0000,9.1508512,9.1509,6
38.6937,38.5794,-38.5406,0.0003025,COc1cccc2c1C(=O)CC1=C3CC(O)C=CC32OC1c1ccc(O)cc1,1,0.0000000,0.0000,9.1508512,9.1509,6
23.1347,23.1775,953.9382,7.6337166,CN(C)c1cccc(CNC(=O)NCC(c2ccccc2)N(C)C)n1,1,6.3681097,6.3681,9.1508512,9.1509,6
29.1524,29.2271,968.8458,7.7974448,CNC(=O)c1oc(-c2ccccc2C)nc1Br,1,6.6442065,6.6442,9.1508512,9.1509,6
42.1149,42.0762,-42.0374,0.0003025,N=C(N)Nc1ccc(NC(=O)n2ccc3ccc(NC(=O)NC45CC6CC(CC(C6)C4)C5)cc32)cc1,1,-15.3405075,-15.3405,9.1508512,9.1509,6
34.8975,34.8651,-34.8267,0.0003002,[N-]=[N+]=NC(=O)C1OC1n1cnc2c(=NC(=O)c3ccccc3)[nH]cnc21,1,-1.6242228,-1.6242,9.0134954,9.0135,7
36.1109,35.8969,-35.8584,0.0003002,CCC(=O)Nc1cc2c(N)c([S+]([O-])c3ccc(C)cc3)sc2cc1C,1,-3.1062932,-3.1063,9.0134954,9.0135,7
27.5719,27.6024,922.1830,7.4201988,Cc1cc(C(=O)N2Cc3c(cnn3C)C(CCO)C2)on1,1,6.1085458,6.1085,9.0134954,9.0135,7
31.5434,31.3821,-31.3436,0.0003002,CCOc1ccc(-c2nc(CNC(=O)c3sc(=S)n(C)c3C)co2)cc1,1,-2.3121192,-2.3121,9.0134954,9.0135,7
24.5033,24.6984,937.5906,7.5178834,CCC(=O)n1nc(C(C)(C)C)[nH]c1=NCc1ccccc1OC,1,6.2704387,6.2704,9.0134954,9.0135,7
30.9878,30.2344,-30.1960,0.0003002,COc1cc(-c2nc3sc4c(c3c(=NN3C(=O)C=C(C)C3=O)[nH]2)C=C(c2ccccc2)CC4)cc(OC)c1OC,1,-45.3019714,-45.3020,9.0134954,9.0135,7
28.9514,28.7805,-28.7420,0.0003002,COc1ccc(-n2cc(C(=O)NCCCCN3CCC(c4ccc5ccccc5c4C)CC3)nn2)cc1,1,-6.3586268,-6.3586,9.0134954,9.0135,7
23.5361,23.6263,971.9549,7.7779784,NC(=O)COc1ccc(C(=O)C=Cc2ccncc2)cc1,1,6.7118187,6.7118,9.0134954,9.0135,7
31.7049,31.7890,-31.7505,0.0003002,CC12CCC(=O)C=C1CCC1C2C(O)CC2(C)CC13CC23C(=O)CO,1,0.0000000,0.0000,9.0134954,9.0135,7
21.3122,21.3296,687.5062,5.5377796,N=c1[nH]c(=NCC2CCCO2)[nH]c2c1ncn2C1OC(CO)C(O)C1O,1,3.4023430,3.4023,9.0134954,9.0135,7
22.9083,23.2061,996.9354,7.9698549,COc1cccc(OC)c1C(=O)N1CCN2CCCC2C1,1,7.0470538,7.0471,9.0134954,9.0135,7
32.1049,32.0577,166.5778,1.5518393,COc1ccc(C2=NN(C(=O)C=Cc3ccc(Cl)cc3Cl)C(c3cccs3)O2)cc1,1,0.2671777,0.2672,9.0134954,9.0135,7
26.2732,26.3857,-26.3473,0.0003002,Cc1ccc(NC(=O)c2n[nH]n(CC(=O)Nc3ccc(S(N)(=O)=O)cc3)c2=N)cc1,1,-8.7944126,-8.7944,9.0134954,9.0135,7
34.2755,34.7162,790.0945,6.4438337,CSc1nc2cc(NCC(=O)NCCOCCOCCN)ccc2[nH]1,1,4.6067581,4.6068,9.0134954,9.0135,7
34.0298,34.0646,466.4832,3.9105297,CC(C)c1ccc(C(=C(c2ccc3oncc3c2)C(F)(F)F)c2ccccc2)cc1,1,1.6965940,1.6966,9.0134954,9.0135,7
35.6482,35.9753,945.0231,7.6640501,COC1CCCC2(COCCN2C(=O)c2cccn2C)C1C,1,6.5166354,6.5166,9.0134954,9.0135,7
30.1086,30.1817,550.6146,4.5374715,Cc1ccc(NS(=O)(=O)c2cccc(NC(=O)c3ccccc3C)c2C)cc1,1,2.2842023,2.2842,9.0134954,9.0135,7
31.1289,31.2361,560.6799,4.6243441,Cc1cccc(C)c1C(=O)N1CCC(C)(NCC2CCN(c3ncnc4ccn(C)c34)CC2)CC1,1,2.3725045,2.3725,9.0134954,9.0135,7
37.0486,36.6769,-36.6385,0.0003002,Cc1ccc2c3cc(C(=O)NNc4ccc(Br)cc4)c(=O)[nH]c3n(C)c2c1,1,-0.9055843,-0.9056,9.0134954,9.0135,7
23.8635,23.8094,-23.7710,0.0003002,O=C(c1ccc(COc2ccccc2Cl)o1)N1CCN(C(c2ccccc2)c2ccccc2)CC1,1,-11.8527603,-11.8528,9.0134954,9.0135,7
26.2647,26.1891,690.0498,5.5956164,Cc1cc(C)cc(NC(=O)NC(=O)COC(=O)c2cccnc2Cl)c1,1,3.4737825,3.4738,9.0134954,9.0135,7
24.8150,25.1679,848.5820,6.8261715,Cn1cnnc1C1CCN(C(=O)c2cncc(C(F)(F)F)c2)CC1,1,5.1696501,5.1697,9.0134954,9.0135,7
26.2315,25.9231,-25.8846,0.0003002,COc1ccc(CNC(=O)c2cc(-c3cccc([N+](=O)[O-])c3)on2)cc1OC,1,-7.4805312,-7.4805,9.0134954,9.0135,7
28.4932,28.6362,890.0447,7.1771947,NCCC12CCCC=C1N(Cc1ccccc1)c1ccccc12,1,5.7149997,5.7150,9.0134954,9.0135,7
21.6204,21.5940,-21.5555,0.0003002,CCOc1ccc2c(c1)OC(=Cc1cc[n+](Cc3ccc(OC)cc3)cc1)C2=O,1,-1.7962111,-1.7962,9.0134954,9.0135,7
27.2848,27.3609,-27.3225,0.0003002,CCC(C)NC(=O)c1nc(-c2ccc(Cl)cc2)n(-c2ccc(C#N)cc2)n1,1,-3.0732570,-3.0733,9.0134954,9.0135,7
23.5723,23.7314,979.5916,7.8384598,OCc1ccc[n+](Cc2ccc3ccccc3c2)c1,1,6.8166065,6.8166,9.0134954,9.0135,7
47.7397,47.9254,604.5521,5.0974801,COC1C(C(=O)CCCC(=O)O)NC1C(O)NC1CCC(O)N(C)C1=O,1,2.8828220,2.8828,9.0134954,9.0135,7
16.9893,17.3980,938.4052,7.4672130,COc1ccc(C(C)C)cc1OC,1,6.1861982,6.1862,9.0134954,9.0135,7
36.5656,36.3827,822.3987,6.7092296,COCC(=O)On1cnc2c(=NC3CC3)nc(Cl)[nH]c21,1,4.9940405,4.9940,9.0134954,9.0135,7
23.6491,23.7809,890.4735,7.1426127,COc1cc2ccc3c[n+](C)c(C)cc3c2cc1OC,1,5.6600590,5.6601,9.0134954,9.0135,7
24.3447,24.3309,824.9090,6.6346868,C=CCn1c(O)c(N=Nc2ccc(N(C)C)cc2)c2ccccc21,1,4.8836846,4.8837,9.0134954,9.0135,7
26.5368,26.8538,716.4129,5.8067708,CN(CCCCCCOc1ccc2ccccc2c1)Cc1cccnc1,1,3.7409003,3.7409,9.0134954,9.0135,7
22.6906,23.0839,957.5703,7.6613606,CN1CCOC2CN(C(=O)Cc3ccccc3)CC21,1,6.5120625,6.5121,9.0134954,9.0135,7
21.8541,21.6917,735.1819,5.9130755,Brc1ccc(-c2nc3scc(-c4ccccc4)n3n2)o1,1,3.8791234,3.8791,9.0134954,9.0135,7
39.6412,39.5690,-39.5306,0.0003002,C=C(c1cccc(C)c1)c1cc2c(=O)c(C(=O)OCC)cn(C3CC3)c2[nH]1,1,-0.6806456,-0.6806,9.0134954,9.0135,7
28.9609,29.3603,804.3539,6.5133925,CCN(CCCNC(=O)Cn1ccc2ccccc21)Cc1ccc(C)cc1,1,4.7067513,4.7068,9.0134954,9.0135,7
34.0529,34.0983,801.2435,6.5261083,N=c1[nH]c(SCCNC(=O)C=Cc2ccccc2)c(C(=O)O)c(=O)[nH]1,1,4.7251468,4.7251,9.0134954,9.0135,7
20.8243,20.9463,927.3004,7.4081773,Cc1ccc(S(=O)(=O)N2CCCCC2)cc1C(=O)NCc1cccnc1,1,6.0887690,6.0888,9.0134954,9.0135,7
31.9343,32.3043,809.6011,6.5773861,CC1=NN(C(=O)Cc2coc3ccc(Br)cc23)C(c2cccc(C)c2)C1,1,4.7996926,4.7997,9.0134954,9.0135,7
31.3837,31.4885,384.8999,3.2530344,CSc1ncnc2c1ncn2Cc1c(-c2cccc3ccccc23)[nH]c2ccccc12,1,1.1740432,1.1740,9.0134954,9.0135,7
34.6069,34.7906,953.0651,7.7176222,Cc1ccc(F)cc1N=c1[nH]c(Cl)cn(C(CO)CCF)c1=O,1,6.6080570,6.6081,9.0134954,9.0135,7
29.5509,29.3967,-29.3583,0.0003002,Cc1nc(-c2ccncc2)sc1-c1nc(-c2ccncc2)ns1,1,-1.0948132,-1.0948,9.0134954,9.0135,7
23.3254,23.2391,891.3281,7.1450556,O=[N+]([O-])C=Cc1cc(Cl)c(Cl)cc1F,1,5.6639314,5.6639,9.0134954,9.0135,7
25.3960,25.5885,876.1043,7.0444746,CSc1nnc(SCC(=O)c2ccc(C)s2)s1,1,5.5055914,5.5056,9.0134954,9.0135,7
37.9396,37.8151,720.5215,5.9245054,Cc1ccc2c(c1)CC1OC3COc4cc(Br)c(C)cc4C3N2O1,1,3.8941345,3.8941,9.0134954,9.0135,7
20.3015,20.4329,930.4362,7.4286648,COc1cc(OC)c([N+](=O)[O-])cc1C(C)C,1,6.1224928,6.1225,9.0134954,9.0135,7
36.8053,36.7008,-36.6624,0.0003002,CCc1nn(C(C)C(=O)Nc2ccc(Cl)cc2)c(C)c(Oc2c(Cl)cccc2Cl)c1=O,1,-2.0419881,-2.0420,9.0134954,9.0135,7
32.8078,33.0811,262.0006,2.3053258,COc1ccc(S(=O)(=O)N2CC3Cc4cc(C=Cc5ccccc5)ccc4C3C2C(O)=NO)cc1,1,0.5896189,0.5896,9.0134954,9.0135,7
24.2284,24.3116,893.4275,7.1698366,CCS(=O)(=O)c1ccc(-c2nccn2C)nn1,1,5.7032876,5.7033,9.0134954,9.0135,7
37.8937,37.6308,-37.5924,0.0003002,CCCN(CC(F)(F)F)C(=O)c1cc(C(=O)NC2CCN(C(C)C)CC2)n(-c2cccc(Cl)c2)n1,1,-14.1961880,-14.1962,9.0134954,9.0135,7
29.6139,29.9250,678.0285,5.5308869,Cn1cc2c(n1)[nH]c(=NC(=O)NCCC1CCCCN1)n1nc(-c3ccco3)nc21,1,3.3938787,3.3939,9.0134954,9.0135,7
36.3171,36.2328,899.9562,7.3139762,Cn1cc(-c2cc(-c3ccoc3)sc2S(C)(=O)=O)nn1,1,5.9349060,5.9349,9.0134954,9.0135,7
22.3677,22.7014,871.1904,6.9835292,CCc1ccc(C=NNC(=O)c2cc(C)nc3ccccc23)cc1,1,5.4107399,5.4107,9.0134954,9.0135,7
19.8706,19.8549,730.9025,5.8652926,COc1cc(-c2[nH]c(SCc3ccccc3)nc(=O)c2C#N)cc(OC)c1OC,1,3.8166833,3.8167,9.0134954,9.0135,7
37.4603,37.5485,-37.5100,0.0003002,CC(=O)c1cccc(NC(=N)C(=O)NNC(=O)CC(=O)NCCc2ccccc2)c1,1,-5.5441136,-5.5441,9.0134954,9.0135,7
30.3560,30.2620,-30.2236,0.0003002,CC(C)(C)OC(=O)CN1C(=O)N(c2cccc(Cl)c2)C(=O)C12c1ccccc1-c1ccccc12,1,-0.6373377,-0.6373,9.0134954,9.0135,7
27.8676,27.9893,853.7112,6.8882847,O=C(O)CC(=O)Nc1cccc(NC(=O)c2ccccc2F)c1,1,5.2641582,5.2642,9.0134954,9.0135,7
28.1585,27.7856,-27.7472,0.0003002,CCc1nccc(-c2ccc(C(=O)N3CCN(C4CCOC4=O)CC3)c(F)c2)c1C#Cc1ccc(=N)[nH]c1,1,-16.2454720,-16.2455,9.0134954,9.0135,7
37.5224,37.6849,529.7997,4.4334737,COC(=O)c1cn(S(=O)(=O)c2cccc(C(=O)NCC(C)(C)C)c2)c2ccccc12,1,2.1806955,2.1807,9.0134954,9.0135,7
40.0990,40.2238,569.6393,4.7645558,CCCCCCCCCCc1c(C2CCC(C(C)CCCC(C)=O)CC2)coc1O,1,2.5185559,2.5186,9.0134954,9.0135,7
27.6103,27.8341,-27.7957,0.0003002,O=C(NCCc1ccccn1)c1csc(N2CCN(c3ccccc3)CC2)n1,1,-1.4369661,-1.4370,9.0134954,9.0135,7
32.4421,32.6469,659.9252,5.4107201,Cn1nccc1C(=O)NC(COc1ccc(C=C2SC(=O)NC2=O)cc1)Cc1ccccc1,1,3.2480066,3.2480,9.0134954,9.0135,7
19.3874,19.4834,966.0788,7.6997047,Cc1cccc(N=C2NCCCS2)c1C,1,6.5774097,6.5774,9.0134954,9.0135,7
48.0193,48.5825,-48.5440,0.0003002,C=CC(=O)NCCCCC(NC(=O)C(CCCC)N(C)C(=O)C1CCCN1C(=O)C(C)NC(=O)CNC(C)=O)C(=O)OCc1ccccc1,1,-7.6664352,-7.6664,9.0134954,9.0135,7
44.3241,44.3336,-44.2952,0.0003002,CC12CCC(O)C=C1CC(=O)C13CCC(c4ccc(O)cc4)=CC21OCCCO3,1,0.0000000,0.0000,9.0134954,9.0135,7
29.7530,29.5450,716.3547,5.8273423,COC(=O)c1ccc(NC(=O)NC(=N)N)cc1O,1,3.7674527,3.7675,9.0134954,9.0135,7
28.3183,28.5818,-28.5818,0.0000000,C(N(C)C)COC(=O)c1c(=N)oc(C)n1C,0,0.0000000,0.0000,0.0000000,0.0000,7
33.4818,33.9941,-33.9557,0.0003002,COC(=O)N1CCN(C(=O)c2cc(Cc3ccc(OC)c(C)c3)c(C3CCC3)cc2C)CC1,1,-3.9618418,-3.9618,9.0134954,9.0135,7
29.2885,29.3028,761.4094,6.1774386,N=c1[nH]c(=O)c2c(COCC3OC(COc4ccccc4)C(O)C3O)cccc2[nH]1,1,4.2337346,4.2337,9.0134954,9.0135,7
20.2457,20.4107,947.1016,7.5586906,Cc1ccccc1OCc1nnc(-c2ccccc2)o1,1,6.3386955,6.3387,9.0134954,9.0135,7
21.4820,21.7583,979.5003,7.8223322,O=C(Cc1ccccc1CO)N1CCCC1,1,6.7885852,6.7886,9.0134954,9.0135,7
25.6931,25.7747,958.0853,7.6864067,O=C(CNC1CCCC1)N=c1cc(-c2ccccc2)[nH][nH]1,1,6.5547099,6.5547,9.0134954,9.0135,7
33.1920,33.0455,781.3821,6.3627155,C=C(c1cccc([N+](=O)[O-])c1)N1CCN(C(=O)C(=O)c2c[nH]c3ccccc23)CC1,1,4.4915037,4.4915,9.0134954,9.0135,7
22.4792,22.4433,784.5839,6.3048995,Cc1cccc(N=Nc2ccc3c(c2)C(=O)c2ccccc2C3=O)c1,1,4.4102488,4.4102,9.0134954,9.0135,7
19.1875,19.3416,938.2343,7.4810621,CCN(CC)CCNc1c(N2CCCCC2)c(=O)c1=O,1,6.2091660,6.2092,9.0134954,9.0135,7
26.6503,26.7218,-26.6834,0.0003002,CCCCN1C(=O)NC(CCCN=C(N)N)C(=O)N(CC(=O)C(C)(C)C)c2ccccc21,1,0.0000000,0.0000,9.0134954,9.0135,7
25.3146,25.0821,683.7835,5.5380123,Cc1ccc(S(=O)(=O)C(C#N)=Cc2cc(Cl)ccc2OCc2ccc(Cl)cc2)cc1,1,3.4026289,3.4026,9.0134954,9.0135,7
22.1933,22.4166,820.7686,6.5873837,c1ccc2c(c1)CNC(CN(CC1CCCCC1)C1CCCCC1)C2,1,4.8142948,4.8143,9.0134954,9.0135,7
20.4673,20.8895,979.5199,7.8156981,O=C(CCc1nc(-c2ccccc2)no1)N1CCCCC1,1,6.7770753,6.7771,9.0134954,9.0135,7
19.3927,19.5135,891.5797,7.1179153,C=c1[nH]c(=Cc2ccc(OC)c(OC)c2)c(=O)o1,1,5.6209846,5.6210,9.0134954,9.0135,7
25.1129,25.3575,859.3188,6.9115336,CNC(=O)c1nc2c(s1)CN(C1CCOCC1)CC2,1,5.2997527,5.2998,9.0134954,9.0135,7
25.8961,25.7128,398.9559,3.3177246,NC(=O)c1c(-c2ccc(Cl)cc2)[nH]c(C(=O)c2cccc(C(F)(F)F)c2)c1N,1,1.2212018,1.2212,9.0134954,9.0135,7
30.1374,30.3115,-30.2730,0.0003002,Cc1[nH]c(=N)sc1C(=O)Nc1ccc2[nH]c(-c3ccccn3)nc2c1,1,-11.3073912,-11.3074,9.0134954,9.0135,7
30.8072,30.9621,880.0583,7.1173471,Cc1cccc(CC(C=CS(=O)(=O)c2ccccc2)NC(=O)C2CCCN2)c1,1,5.6200871,5.6201,9.0134954,9.0135,7
28.2071,28.3863,903.8807,7.2833364,CC1=C(CCC(=O)Nc2ccc(C)cc2O)C(C)(C)CCC1=O,1,5.8852849,5.8853,9.0134954,9.0135,7
26.1991,26.3434,970.2776,7.7861015,S=C(c1cnccn1)N1Cc2ccccc2C1,1,6.7258453,6.7258,9.0134954,9.0135,7
21.7233,21.6637,692.7780,5.5815764,CCOc1ccc(-n2c(C)nn(Cc3ccc(F)cc3)c2=O)cc1,1,3.4563723,3.4564,9.0134954,9.0135,7
33.2293,33.3604,-33.3220,0.0003002,Cc1ccc(N=C(N=C2NN=C(c3ccccc3)CS2)C2CCc3ccccc3N2)cc1,1,-4.6741190,-4.6741,9.0134954,9.0135,7
22.2404,22.3010,880.4571,7.0527972,COc1ccccc1N1CCN(CC(=O)N(C(C)C)C(C)C)CC1,1,5.5186081,5.5186,9.0134954,9.0135,7
25.9599,25.8278,902.8007,7.2549102,CCOC(=O)CSc1nnnn1-c1ccc(OC)c(O)c1,1,5.8394351,5.8394,9.0134954,9.0135,7
21.4284,21.3712,923.6110,7.3826734,COc1cc(C=CC(=O)OCC(=O)N2CCOCC2)ccc1O,1,6.0469179,6.0469,9.0134954,9.0135,7
24.6238,24.8875,-24.8491,0.0003002,O=C(Nc1ccc(Cl)cc1)c1ccc(CN2CCC(C(=O)O)CC2)cc1,1,-14.2750702,-14.2751,9.0134954,9.0135,7
21.2977,21.3176,864.2615,6.9185874,Cc1ccnc(N2CCN(Cc3c(C)noc3C)CC2)n1,1,5.3105760,5.3106,9.0134954,9.0135,7
35.5759,35.5576,-35.5192,0.0003002,O=c1c2ccccc2n(CCCCCCCCCCCCCCCCn2cc3ccccc3[n+]2O)c2ccccc12,1,-3.4096193,-3.4096,9.0134954,9.0135,7
26.3617,26.1670,771.2184,6.2295733,Fc1ccc(CCCCN2CCN3c4ccccc4Cc4ccccc4C3C2)cc1,1,4.3054976,4.3055,9.0134954,9.0135,7
23.7488,23.8143,1026.4821,8.2054399,NC(=O)C1Cc2ccccc2N1C(=O)CCCc1ccccc1,1,7.4698262,7.4698,9.0134954,9.0135,7
33.8029,34.1620,753.8599,6.1564207,CC(C)CNN=c1cnc2cc(S(=O)(=O)O)ccc2[nH]1,1,4.2049742,4.2050,9.0134954,9.0135,7
19.6152,19.6269,973.3444,7.7575873,O=C(NC1CCCCC1)c1cccc(S(=O)(=O)N2CCOCC2)c1,1,6.6766729,6.6767,9.0134954,9.0135,7
23.5715,23.5171,-23.4787,0.0003002,CC1(C)CCC2(C(=O)O)CCC3(C)C(C(O)CC4C5(C)CCC(O)C(C)(C)C5CCC43C)C2C1,1,-11.1540318,-11.1540,9.0134954,9.0135,7
25.9722,25.8243,-25.7861,0.0002990,CCCCc1[nH]c(=N)[nH]c(=N)c1C#CC(C)c1ccc(C(=O)NC(CCC(=O)O)C(=O)O)cc1,1,-9.8623171,-9.8623,8.9385033,8.9385,8
19.9189,20.3010,940.3928,7.5054209,CCCn1c(SCC(=O)NCCc2ccccc2)n[nH]c1=O,1,6.3021002,6.3021,8.9385033,8.9385,8
19.1650,19.2233,921.8257,7.3519452,COc1cccc(-c2c[nH]c(=N)c(C(N)=O)n2)c1,1,6.0469966,6.0470,8.9385033,8.9385,8
21.5964,21.5162,945.7914,7.5570909,COc1ccccc1-c1nc2ccc(Cl)cc2c(=O)o1,1,6.3891706,6.3892,8.9385033,8.9385,8
42.3380,42.3522,-42.3139,0.0002990,CC(=O)Nc1ccc(S(=O)(=O)Nc2ccc(NCc3ccc(CCNCCc4ccccc4)cc3)c(N)c2)cc1,1,-0.3396767,-0.3397,8.9385033,8.9385,8
29.9697,29.8384,870.5049,7.0339323,CCOC(=O)c1cccc(NC=C(C#N)C(=O)NC2CCCCC2)c1,1,5.5351777,5.5352,8.9385033,8.9385,8
32.2994,32.3688,940.5722,7.6011021,CC(=O)N1CCC(c2[nH]nc3ncc(-c4ccco4)cc23)C1,1,6.4638062,6.4638,8.9385033,8.9385,8
20.4507,20.6635,503.9736,4.0987268,CC(C)(C)c1cccc(-c2cc(=NC(O)c3c[nH]c(O)c3)[nH]n2-c2ccccc2)c1,1,1.8794602,1.8795,8.9385033,8.9385,8
22.8663,22.9957,979.9678,7.8356522,COc1ccccc1-n1nnnc1SCC(=O)Nc1ccccc1F,1,6.8688731,6.8689,8.9385033,8.9385,8
29.5457,29.5877,581.7131,4.7757879,CC(C)CC(C)N=c1[nH]c(N(CCO)CCO)nc2c(=NCc3ccccc3)[nH]cnc12,1,2.5516744,2.5517,8.9385033,8.9385,8
26.7470,26.7204,935.2652,7.5155122,Cc1ccc(CC(=O)Nc2cn(C)c(=O)cc2C)nc1,1,6.3190584,6.3191,8.9385033,8.9385,8
54.1030,54.3393,723.3743,6.0758874,C=C1OC(=O)C(C(=O)O)C1C=CC=CC1C(=O)C(=CCC2(C)OC(=O)CCC2C)CC1CO,1,4.1300435,4.1300,8.9385033,8.9385,8
29.5107,29.6792,696.8093,5.6756917,CCCCNc1ccc(C(=O)C=Cc2ccc(C(=O)O)cc2)c(C)c1,1,3.6039004,3.6039,8.9385033,8.9385,8
27.7281,27.9512,773.1309,6.2584545,Cc1sc2nc(CSc3nnc(-c4ccc5c(c4)OCO5)o3)cn2c1C,1,4.3819699,4.3820,8.9385033,8.9385,8
37.5984,37.4157,397.6323,3.3988124,CCOC(=O)c1c(N2CCOCC2)oc2cc(C(=O)NCCCCn3ccnc3)ccc2c1=O,1,1.2923781,1.2924,8.9385033,8.9385,8
19.2597,19.4329,870.8794,6.9555652,Cc1ncc([N+](=O)[O-])n1CCCCCn1c([N+](=O)[O-])cnc1C,1,5.4125266,5.4125,8.9385033,8.9385,8
22.5994,22.4758,666.0971,5.3794762,Fc1ccc(-c2ccc3[nH]c(-c4ccco4)nc3n2)cc1,1,3.2375402,3.2375,8.9385033,8.9385,8
19.2270,19.3872,961.5481,7.6635570,NS(=O)(=O)c1ccc(NS(=O)(=O)c2ccccc2)cc1,1,6.5704632,6.5705,8.9385033,8.9385,8
48.4775,48.3629,664.1982,5.5668835,Cc1ccc2cnc3cccc(S(=O)(=O)c4cccc(C5CC=CCC5)c4)c3c2c1,1,3.4670448,3.4670,8.9385033,8.9385,8
27.8413,28.1818,369.7347,3.1087230,CN(CC(=O)Nc1ccc(Cl)c(C(F)(F)F)c1)C(=O)COC(=O)COc1cccc2c1OC(C)(C)C2,1,1.0811831,1.0812,8.9385033,8.9385,8
31.8505,31.9653,804.2233,6.5327230,CCOC(=O)N1CCC(Cc2ccc(Cl)c(C=NNC(N)=S)c2)CC1,1,4.7744536,4.7745,8.9385033,8.9385,8
29.3627,29.4803,819.6570,6.6338854,CSc1nc(SC)n2nc(-c3ccc(F)cc3)cnc12,1,4.9234681,4.9235,8.9385033,8.9385,8
20.9607,21.0514,675.4091,5.4410979,CCCCCCCCCCCCCCCCc1cn(Cc2ccccc2)nn1,1,3.3121369,3.3121,8.9385033,8.9385,8
24.4583,24.0950,-24.0567,0.0002990,CC1CN2CCCC2CN1C(=O)c1ccc(N=c2nc3c(c[nH]2)cc(C(=O)N(C)C)n3C2CCCC2)nc1,1,-16.3098335,-16.3098,8.9385033,8.9385,8
23.7385,23.6517,694.1416,5.6077602,O=C(c1ccccc1F)N1CCN(C(=O)C2COc3ccccc3O2)CC1,1,3.5181477,3.5181,8.9385033,8.9385,8
27.8495,28.2704,814.9077,6.5873288,O=C1CC2C(N=C=S)CC1C2CO,1,4.8546047,4.8546,8.9385033,8.9385,8
36.5389,36.3435,919.7988,7.4698609,C=CCC(C[S+](C)[O-])n1c(=O)c2ccccc2n(C)c1=O,1,6.2425241,6.2425,8.9385033,8.9385,8
42.1785,42.1087,815.8540,6.7028339,CCOC(=O)c1c(C(=O)OC)nnn1CC(CC1CCCNC1=O)OS(=O)(=O)c1ccc(C)cc1,1,5.0263429,5.0263,8.9385033,8.9385,8
23.4658,23.2771,638.1731,5.1675802,COc1ccc(-n2nc(-c3cccc(OC)c3)cc2C(=O)NN)cc1,1,2.9875119,2.9875,8.9385033,8.9385,8
21.5525,21.1732,-21.1349,0.0002990,NC(=O)c1cc(-c2ccncc2)[nH]c1-c1ccc(Oc2ccccc2)cc1,1,-6.6544943,-6.6545,8.9385033,8.9385,8
35.7414,35.6977,733.0573,6.0058980,O=C(SCC(O)Cn1c2c(c3ccccc31)CCC2)c1ccc(Cl)cc1F,1,4.0354419,4.0354,8.9385033,8.9385,8
26.4982,26.2432,913.3167,7.3403117,Cc1nc2ccccc2nc1CSc1nnc(-c2ccccn2)n1N,1,6.0278745,6.0279,8.9385033,8.9385,8
23.9101,24.0590,942.0723,7.5479005,COc1cc2c(cc1OC)-c1c(OC)c(OC)cc(=O)n1CC2,1,6.3736401,6.3736,8.9385033,8.9385,8
23.5844,23.7175,-23.6792,0.0002990,CC(C)N(C(=O)CC=c1cnc2c(c1)CNCC(=O)N=2)C(C)C,1,0.0000000,0.0000,8.9385033,8.9385,8
30.0004,29.9318,554.3210,4.5644751,COc1cc(-c2csc(C(O)c3ccc(Cl)c(Cl)c3)n2)ccc1C,1,2.3308637,2.3309,8.9385033,8.9385,8
18.3638,18.5282,969.0592,7.7155267,CC(C)C(=O)Nc1ccc(C(=O)O)cc1,1,6.6598792,6.6599,8.9385033,8.9385,8
19.9393,20.0751,459.3221,3.7452907,CCCn1c(=O)[nH]c(=Nc2ccc(OC(C)C)c(F)c2)n(Cc2ccc(Cl)cc2)c1=O,1,1.5693010,1.5693,8.9385033,8.9385,8
22.8662,23.3068,866.9126,6.9548390,O=[N+]([O-])c1ccccc1OCCCCNCc1ccccc1,1,5.4113965,5.4114,8.9385033,8.9385,8
26.5055,26.6586,-26.6204,0.0002990,Cc1ccc(NCc2nnc(SCC(=O)NCC3CCCO3)n2-c2ccccc2)c(C)c1,1,0.0000000,0.0000,8.9385033,8.9385,8
19.9998,20.2495,969.8109,7.7348460,Oc1ccc2c(c1O)C1CCC2C1,1,6.6932731,6.6933,8.9385033,8.9385,8
23.4686,23.3291,763.9685,6.1507625,CC(=O)NC1CCCCC1N=c1ncc(C(O)=NO)c[nH]1,1,4.2324624,4.2325,8.9385033,8.9385,8
36.1774,36.3980,913.3860,7.4201873,COc1cc(OC)c2[nH]c(C(O)(C(C)C)C(F)(F)F)cc2c1,1,6.1597762,6.1598,8.9385033,8.9385,8
18.0803,18.0592,879.1806,7.0096859,O=C(O)c1ccc(C(=O)O)nc1,1,5.4970832,5.4971,8.9385033,8.9385,8
23.8642,23.9568,967.8047,7.7481364,CSc1ccc(OC(C)(C)C(=O)N2CCOCC2)cc1,1,6.7162943,6.7163,8.9385033,8.9385,8
33.4032,33.0851,-33.0851,0.0000000,n1nn2c(nc(=N)[nH]c2N=Nc2ccc(S(=O)(N)=O)cc2)n1,0,0.0000000,0.0000,0.0000000,0.0000,8
33.7059,32.6195,301.1692,2.6077237,Cc1cc(N=c2cccc(-c3cnc4ccc(=NC5CCN(C)CC5)[nH]n34)[nH]2)cc(C(=O)N2CCOCC2)c1,1,0.7607787,0.7608,8.9385033,8.9385,8
41.9685,42.0600,-42.0217,0.0002990,CC12CCCC(=O)C1C1C(=O)CC3C4(C)CCC(=O)C(C)(C)C4CCC3(C)C1(COC(=O)C1CCCCC1C(=O)O)CC2,1,-15.5766287,-15.5766,8.9385033,8.9385,8
24.4793,24.2793,963.7043,7.7186221,COc1ccc(CCC(=O)N2CCCC(n3ccnc3)C2)c(OC)c1,1,6.6652241,6.6652,8.9385033,8.9385,8
29.0959,29.3074,973.0869,7.8312055,COC(=O)CCc1cccc2ccc3c(c12)C(=O)C=CC3=O,1,6.8610792,6.8611,8.9385033,8.9385,8
22.7300,22.5012,915.5846,7.3287955,COC(=O)c1oc2c(O)c(OC)c(OC)c(O)c2c1C,1,6.0089750,6.0090,8.9385033,8.9385,8
30.3607,30.2221,763.4667,6.2006942,O=C1OC(O)c2cc(CCN3CCN(CC(c4ccccc4)c4ccc(F)cc4)CC3)ccc21,1,4.3014593,4.3015,8.9385033,8.9385,8
30.6025,30.4403,954.2126,7.6926012,Cc1ccc(C)c(NCC(=O)NN=C2CCCc3ccc(C)nc32)c1,1,6.6203604,6.6204,8.9385033,8.9385,8
26.2277,25.9684,-25.9302,0.0002990,CC(CO)NC(=O)c1ccc(Oc2ccccc2F)c(-c2cn(C)c(=O)c3[nH]ccc23)c1,1,-2.0809917,-2.0810,8.9385033,8.9385,8
49.8774,49.5202,-49.4819,0.0002990,CCN(CCO)C(=O)c1ccc2c(c1)CCC1C2CCC2OC(NCc3cc(Cl)c4c(c3)OCO4)CCC21,1,-20.4313583,-20.4314,8.9385033,8.9385,8
33.7564,34.3158,755.7423,6.1723290,COC(CCCN(Cc1ccccc1)CC(C)C)C(C)(C)C,1,4.2621951,4.2622,8.9385033,8.9385,8
28.7113,27.7572,328.6719,2.7846025,N=c1ncc(-c2cc(NS(=O)(=O)c3c(F)cccc3F)ccc2Oc2ccc(F)cc2F)c[nH]1,1,0.8674843,0.8675,8.9385033,8.9385,8
37.7162,37.5048,665.2906,5.4905896,NC(=O)CCC(NC(O)C(=O)NS(=O)(=O)c1cc(C(F)(F)F)ccc1Cl)C(=O)O,1,3.3726647,3.3727,8.9385033,8.9385,8
24.1322,24.1786,803.0208,6.4624959,CCOC(=O)CCCNC(=S)Nc1ccc(S(N)(=O)=O)cc1,1,4.6723542,4.6724,8.9385033,8.9385,8
26.6990,26.9971,-26.9588,0.0002990,Cc1ccc[n+](-c2ccc(NC(=O)OCc3ccccc3)c3ccccc23)c1,1,-2.3931117,-2.3931,8.9385033,8.9385,8
32.6455,32.6246,486.0250,4.0519502,CC(C)N1CCC(N=c2[nH]c(=Nc3ccccc3S(C)(=O)=O)[nH]n3c(C#N)cnc23)CC1,1,1.8368064,1.8368,8.9385033,8.9385,8
46.0630,46.1277,-46.0894,0.0002990,CC(=CCC=CC(C)(O)CC=CC(C)C)CCC=C(C)CC1CC(=O)N(c2cccc(C)c2)C(=O)C1,1,0.0000000,0.0000,8.9385033,8.9385,8
22.1142,22.2426,966.0091,7.7207166,CC(C)n1nnnc1SCC(=O)c1ccc(F)cc1,1,6.6688418,6.6688,8.9385033,8.9385,8
29.7979,29.3651,-29.3268,0.0002990,O=C(c1ccccc1)N(C(=O)N(Cc1ccccc1)Cc1ccccc1)S(=O)(=O)c1ccc(Cl)cc1,1,-2.1819639,-2.1820,8.9385033,8.9385,8
35.7438,35.9805,583.9933,4.8435457,NC(N)=NCCCC(NC(=O)C(CC(=O)O)NC(=O)NCCc1cccs1)C(=O)O,1,2.6245933,2.6246,8.9385033,8.9385,8
18.3299,18.2581,914.3278,7.2858267,CCOc1ccc(N2C(=O)c3ccccc3C2=O)cc1,1,5.9387202,5.9387,8.9385033,8.9385,8
50.6042,50.0901,-50.0518,0.0002990,COc1ccc(CN2C=C3C=CC(F)=C4CC5(CCCCC34)NC(Nc3ccccc3)=NC(=O)C5C2)cc1,1,0.0000000,0.0000,8.9385033,8.9385,8
30.6111,30.5925,784.4272,6.3673414,Cc1c(C)n(C)c2ccc(N(CC(F)(F)F)S(=O)(=O)c3cccc(F)c3)cc12,1,4.5357747,4.5358,8.9385033,8.9385,8
64.4407,64.3385,-64.3002,0.0002990,CCOCCN1CC2(C)CC3c4occc4C(=O)C(C(C)(CC)Cc4ccccc4)N(C2)C31,1,0.0000000,0.0000,8.9385033,8.9385,8
41.0857,41.1081,-41.0698,0.0002990,COc1ccc(C2=C(C(=O)NC(Cc3ccc(NC(=O)C(Cl)Cl)cc3)C(=O)O)C(=O)c3ccccc3S2(=O)=O)cc1,1,-5.6950960,-5.6951,8.9385033,8.9385,8
25.0354,25.1305,-25.0922,0.0002990,CC1CCC2(C)CCC3(C)C(CCC4C5(C)CCC(O)C(C)(CO)C5CCC43C)C2C1C,1,-10.1440516,-10.1441,8.9385033,8.9385,8
23.3404,23.3379,868.3565,6.9663625,COc1ccc(C=NCCCN=Cc2cc(OC)ccc2O)cc1,1,5.4293437,5.4293,8.9385033,8.9385,8
27.6824,27.4105,-27.3723,0.0002990,COc1ccc(C(=Nc2ccc(N3CCN(C)CC3)cc2)c2c(O)[nH]c3ccccc23)c(O)c1,1,-6.7416182,-6.7416,8.9385033,8.9385,8
31.7863,31.7687,841.6046,6.8232283,CCCC(C)=NN=c1[nH]c(O)c(C(=CC(=O)O)c2ccccc2)s1,1,5.2085280,5.2085,8.9385033,8.9385,8
32.3556,31.5254,-31.4871,0.0002990,NC1CN(C(=O)c2cc(C(F)(F)F)ncc2NC(=O)c2nc(C3CC3)ccc2Nc2cncnc2)CC2COCC12,1,-2.0038879,-2.0039,8.9385033,8.9385,8
18.0080,18.1304,902.2751,7.1906686,N#CC(=Cc1ccc(O)c(O)c1)C(=O)O,1,5.7846055,5.7846,8.9385033,8.9385,8
23.2015,23.0157,186.3618,1.6357620,O=C(c1cscn1)N1CCC2(CC1)COC(COc1ccccn1)C2,1,0.2993474,0.2993,8.9385033,8.9385,8
28.3215,28.1923,912.7648,7.3512272,COc1ccccc1NC(=O)NN=C1C(=O)Nc2ccc(Cl)cc21,1,6.0458155,6.0458,8.9385033,8.9385,8
23.4978,23.6123,938.0601,7.5130653,O=C(CSc1nnc2ccc(Cl)nn12)Nc1cccc(Cl)c1,1,6.3149443,6.3149,8.9385033,8.9385,8
35.3657,34.8407,559.2901,4.6416469,COC(=O)C1C2CC3CCC1N3CC2=Cc1ccc(OCc2ccccc2O)cc1Cl,1,2.4103460,2.4103,8.9385033,8.9385,8
29.9916,30.0981,753.4839,6.1217343,O=C(C=Cc1ccccn1)C=Cc1cn(CCCCl)c2ccccc12,1,4.1926069,4.1926,8.9385033,8.9385,8
22.4926,23.0463,993.2943,7.9401605,O=C1C=C2c3ccccc3CC2(O)CC1,1,7.0533228,7.0533,8.9385033,8.9385,8
33.4832,33.2688,923.6132,7.4756408,COc1cccc(CC(O)(C(N)=O)c2cc(OC)c(OC)c(OC)c2)c1,1,6.2521882,6.2522,8.9385033,8.9385,8
43.1334,43.3888,-43.3505,0.0002990,CCCCC1(O)C2C3CCC(=O)CC3(C)CCC2C2(C)C(=O)c3ccccc3C(=O)C12,1,-0.5633857,-0.5634,8.9385033,8.9385,8
30.5356,30.6676,899.6612,7.2681939,NS(=O)(=O)NCCCn1cnc(-c2ccc(F)cc2)c1-c1ccccn1,1,5.9100099,5.9100,8.9385033,8.9385,8
29.0747,29.4935,785.9573,6.3707096,Cc1ccccc1OCCCCn1c(C2CC2)nc2cc(C(=O)O)ccc21,1,4.5405746,4.5406,8.9385033,8.9385,8
27.2084,27.3912,839.0486,6.7690613,COC(=O)C1=C(c2ccc(-n3ccnc3)cc2F)CC2CCC1N2C,1,5.1261592,5.1262,8.9385033,8.9385,8
29.3530,29.5035,529.4344,4.3667026,COc1cc2c(cc1O)CN(c1cncc(=NCc3ccc(F)cc3)[nH]1)CC2,1,2.1332533,2.1333,8.9385033,8.9385,8
21.2230,21.7051,697.5869,5.6194686,CCC(CO)N=c1[nH]c(=NC)[nH]c(=NC)[nH]1,1,3.5328541,3.5329,8.9385033,8.9385,8
22.9661,23.2133,821.2321,6.5972293,CC(=O)N1CCOC(Cn2cncn2)C1,1,4.8692083,4.8692,8.9385033,8.9385,8
34.3855,35.0656,862.4512,7.0118493,CCNC(=O)CC1CC(CCc2ccc(OC)c(OC)c2)N(C)C1=O,1,5.5004768,5.5005,8.9385033,8.9385,8
38.9897,39.1988,576.4378,4.8096612,CC=C(C)C(C(=O)O)N(Cc1ccccc1)C(=O)NCCCCNC(=O)OC(C)(C)C,1,2.5879993,2.5880,8.9385033,8.9385,8
26.4898,26.4903,-26.4520,0.0002990,CN1C2CC=CCC1c1[nH]c3ccccc3c1C2,1,0.0000000,0.0000,8.9385033,8.9385,8
22.5363,22.6731,786.4050,6.3209217,CC(=O)c1ccc(OCCCOc2ccc(Cl)cc2)cc1,1,4.4698815,4.4699,8.9385033,8.9385,8
33.1242,32.8938,441.0164,3.7024230,CCOc1cc2nc(-c3cccs3)cn2c(-c2ccc(Cl)cc2Cl)n1,1,1.5335829,1.5336,8.9385033,8.9385,8
31.7688,31.6237,900.8585,7.2850167,Cn1[nH]nc2c3nc(C(F)(F)F)[nH]c(=O)c3cc-2c1=N,1,5.9373999,5.9374,8.9385033,8.9385,8
22.5656,22.7030,988.9797,7.9037715,O=C(c1cccc(Cl)c1)N1CCCC(n2cncn2)C1,1,6.9888215,6.9888,8.9385033,8.9385,8
27.7434,28.1812,952.1384,7.6587475,Fc1ccc(CN2CCC(CSc3ncc[nH]3)CC2)cc1,1,6.5622187,6.5622,8.9385033,8.9385,8
37.5984,38.0198,748.0999,6.1415604,COc1cc(OCC2CC2)c2c(c1)C(=O)C1(C2=O)C(C)C=CC(C)C1C=O,1,4.2198076,4.2198,8.9385033,8.9385,8
31.9947,31.9933,-31.9551,0.0002990,COc1c(-c2[nH]nc3cc(-c4ccccc4)ccc23)sc2ccnn12,1,-1.2688125,-1.2688,8.9385033,8.9385,8
33.8593,33.9620,893.3062,7.2442829,CC=C1OC(=O)C(C=CC(C)=O)(CC)C1C(=O)OC,1,5.8711882,5.8712,8.9385033,8.9385,8
